1.625908042466441515e-03
-5.824787079665440931e-02
-8.295865120955422251e-03
-3.584553535621666509e-02
-2.006299112156072900e-02
-1.981803615736672883e-03
1.520724029467503298e-02
1.546847734154433995e-01
7.467190762874001235e-03
-2.031093862362363944e-02
-1.693792834341303552e-02
7.172241786659751261e-02
3.011568076841633287e-02
-5.263667960529991308e-02
-4.757490126943657478e-03
8.346221515086946208e-03
6.408731206515858037e-02
0.000000000000000000e+00
-2.675165377403437503e-02
3.992325820483752508e-02
-3.565525030476863599e-03
5.686579819173707279e-02
6.749926307376151458e-02
-5.294981995781587736e-02
-1.166326650563831793e-02
-1.076031778594979844e-02
-7.072284143760809868e-05
2.173955036028997478e-02
1.355588699449454537e-01
2.675297996115052687e-02
1.036913391406783617e-02
4.251131166390946514e-02
-9.799100012303908758e-02
-1.398245413226245973e-02
-1.166368373750559066e-02
-3.249145211584919535e-02
-5.736879227184307761e-02
6.813469476273589787e-02
0.000000000000000000e+00
4.134089591969192234e-02
-9.269523076864374239e-03
3.347579531346281390e-02
3.414561250414182569e-01
5.158973055520751222e-02
-1.207521899653965503e-03
-1.075675287067199941e-02
4.371964850371735933e-02
-6.850350056429704848e-02
-1.497975476569442894e-03
-3.427701715727936999e-02
3.624616568811592221e-02
-1.196663334595713529e-02
7.910341295929060323e-03
3.284889601197973352e-01
-9.762156893608210997e-03
2.009014417831504751e-02
0.000000000000000000e+00
-1.265071851916074047e-02
-4.514743335674787326e-03
-1.505444307624508732e-02
-2.677952642423293145e-02
4.687808178678530557e-02
1.723440908693543716e-01
-7.559161318947232346e-03
-1.793901381918795723e-01
-1.688988416924485370e-01
-5.667509542529698685e-02
-6.185173226068003266e-02
7.721728846850346717e-02
5.316146214935343894e-02
2.805884447704247789e-02
-3.613080646374508455e-03
1.014877016939435411e-02
-3.253390704020892032e-02
-1.355484081783095429e-01
4.389589996752818468e-02
-1.118250167836131043e-01
7.580288869704705779e-02
6.378874233077715117e-02
1.166906685709276359e-01
-4.634348438113524565e-02
-3.299433987031382548e-02
-1.462294790659552368e-01
2.602500540281865726e-02
-1.268014394439131443e-01
-4.103274787872435159e-02
3.946919086298803642e-02
1.736538181897745795e-02
8.361840321279113974e-02
-4.573867063327290844e-02
1.393763026642301228e-01
9.173202440017432305e-03
-1.016052583666630649e-01
-1.346519630896463385e-02
-9.071787527282637598e-02
-1.246086329829654282e-01
8.852932778603063435e-02
9.615572346743542914e-03
-5.044690064721651240e-02
-1.735313830934428342e-02
-1.162865389632314859e-02
1.041072484866272657e-02
-1.120018625200970980e-01
5.427387307760372231e-02
-1.139355942309474984e-01
1.446787230287706165e-03
-4.657299977350622122e-02
6.288582119238299295e-02
6.304868023494558660e-02
2.577096194999720091e-02
-3.259530957296153005e-03
9.804564331169886293e-02
-1.319971125159466185e-01
5.089940163486149360e-02
-1.852186157853361603e-01
1.067899714305397679e-01
-6.657574643682664939e-02
2.677100343391819459e-02
0.000000000000000000e+00
7.168336811246084177e-03
-6.537566085383958447e-02
-1.790757980885418835e-02
-1.788482529058606045e-03
0.000000000000000000e+00
-4.042467463871409622e-02
4.782235164948948902e-02
-2.347997706906984339e-01
-8.632622082469917565e-04
8.451328914127846648e-02
-7.380555576123429273e-02
9.453773612197549636e-02
-7.549247613506893106e-03
3.445026893186422384e-02
9.050475584567942156e-02
-1.649778353531864972e-01
-2.309347811325899655e-02
-5.600121917095719770e-02
9.820586044647819368e-02
-8.297688366119435055e-02
5.183580903260071038e-02
6.273009453283215353e-02
-7.655891129590479405e-02
-6.690060200041595545e-03
-3.620901130707721710e-02
-4.299668235566383306e-02
-9.539869242497736601e-02
1.041701894426704106e-01
-8.162705045859283692e-02
-1.217297479129569315e-01
7.575166563261979957e-02
-5.410773946747114704e-02
2.372743442633078181e-02
-8.329999871209370355e-02
1.444215770649546170e-02
-2.146164102395821116e-01
4.676986878743396789e-03
5.869607811043033941e-04
2.161992246596618206e-01
-4.704540892990076092e-03
3.494958818541588769e-02
-1.760978602706028961e-01
-2.553352393946722171e-02
5.249211370492583295e-02
0.000000000000000000e+00
1.082128879533169469e-01
-7.303470325187054468e-02
-3.833061856482299079e-02
-6.645481180376575092e-02
-2.023711357411762252e-02
-1.182409078292451926e-02
5.463162614399199452e-02
-5.393007471799091124e-02
-1.471330759957399648e-01
4.884875808825338978e-02
1.082767055281866064e-01
-1.088527937061447293e-01
-9.042767105973049946e-03
1.227965951124928255e-02
-1.293498726335547556e-04
-1.954338316911325910e-02
3.105213721189167483e-02
5.330723235491227965e-03
-1.099448010667098824e-01
0.000000000000000000e+00
-2.805764624464937573e-01
-8.172263524767656162e-02
5.707285079974321745e-02
1.136891975376884759e-02
4.100324845379246796e-02
5.915007237739296903e-02
5.747454390007346314e-02
-3.940008584100501698e-02
3.560311680704474069e-02
-2.040957329630279926e-01
-3.840829895153735889e-03
1.323563071974431238e-01
-8.749244362008216924e-02
5.073552001120282262e-02
-2.275158284417663213e-01
2.661084401526054438e-02
-4.996299194304654190e-02
4.416476071109444457e-02
-4.933593843283517466e-01
5.711308411183765171e-02
-1.695875821728404509e-01
-3.606919519770687005e-02
9.647999106120335594e-03
-3.414565903407632171e-04
-9.221112732878328222e-02
-7.838519069336136180e-02
-1.761628186457288858e-01
-1.075848164696052989e-01
-1.860067812045626545e-01
3.007225016459470074e-02
2.051066083218235081e-02
-1.913193125452739701e-02
-1.430960459298699361e-01
0.000000000000000000e+00
9.371213457163782290e-03
-1.168703521747076618e-01
-2.091840083740455561e-02
-1.324016205364826892e-01
-6.407520969564392543e-02
-2.134390920965448940e-02
9.331319883486860478e-02
0.000000000000000000e+00
-2.922327676361243243e-01
-2.401030507754525062e-02
0.000000000000000000e+00
3.297916661903707580e-02
2.984679924082542235e-02
4.217647959932522422e-02
-4.891396771566575152e-02
-6.380950636081956888e-03
4.345633957325881550e-03
-2.465220630705487574e-03
-8.148413880647092933e-02
-3.892046313742966723e-02
-8.943122780443395203e-02
-2.778080332647039352e-01
-1.809577161570669890e-01
0.000000000000000000e+00
-5.327322679298336638e-02
4.660400659849599919e-02
4.458027457773575120e-02
-9.539278568511326550e-02
2.509485886768031762e-02
-5.966329932317381707e-02
5.036592860565358709e-02
2.145743143716560553e-01
-6.553934482477756507e-02
-5.596702698117584501e-02
-1.320338862016899872e-01
-5.041953799027599353e-02
0.000000000000000000e+00
-1.930910984275529749e-02
7.100577262652521971e-04
1.706317419637586319e-01
-2.364992213384251897e-03
6.972125457113600468e-03
-2.542481964488779722e-02
6.923263328005763162e-02
-1.395572156834217481e-01
3.750024170547373858e-02
-1.552696335067104694e-01
-2.293613308581329280e-01
5.584716861756762463e-02
1.761730679741102257e-01
1.119858584729876011e-01
8.110592185321738312e-02
-1.357419010368937987e-02
-4.183122270292522621e-02
-7.582352177535986448e-02
-3.003310482858844166e-01
9.792246685521771576e-02
-9.625405491935567007e-03
6.464341764754319430e-02
-9.483880743027396643e-02
-7.379602420125465356e-02
1.277904028602372573e-02
-1.701782445966736612e-01
8.654754383036558640e-02
-4.830361979156787972e-02
-3.546842923188295912e-03
-3.904353494298940658e-02
-4.222649583717691564e-03
-1.768010492623623420e-01
-1.474473942764269012e-02
3.981840299923718879e-02
1.108969706660346416e-01
-4.248857661467725921e-01
-1.957340526110125378e-01
-5.277903934167985783e-02
-1.692656446582540830e-01
3.861438478063811824e-02
2.279815475824838733e-01
-2.627363297036608772e-02
-1.847974629724630224e-02
-1.150706293754898274e-01
2.701187241753152946e-01
-1.050511451295763760e-01
9.685052370299847280e-02
-1.633257283859290351e-02
6.741350233585144403e-03
0.000000000000000000e+00
-1.935290410766450642e-02
-1.027096746445115144e-01
-9.893467014600835704e-03
-5.379386319413958367e-02
-7.021917998295859609e-02
5.095276396668983743e-02
0.000000000000000000e+00
1.262164275679271142e-01
5.669695204115768328e-02
0.000000000000000000e+00
-4.773781447555310031e-02
-8.652995173422656228e-02
-3.581474498981639110e-02
8.563795250277153603e-02
0.000000000000000000e+00
-9.481484577426402272e-02
8.859493394327663807e-02
0.000000000000000000e+00
1.019130253956370032e-02
-4.723864015287077694e-02
-1.713295725127778890e-01
-2.487320620528754231e-02
3.245984069636947272e-02
-1.731616710726024688e-01
-6.680626634258659755e-03
-8.075514397947475276e-02
-5.840719494302324538e-02
0.000000000000000000e+00
-1.784622935772223473e-01
-4.090207419414903373e-02
2.505568499566002139e-01
1.907743028974421065e-02
-4.384380296932526011e-02
-9.684011474778735085e-02
1.137029131284521960e-02
-1.307377367768059774e-02
2.826922584880005029e-01
7.726101940443072524e-02
-3.069964119764701307e-02
-1.086349435193941643e-01
-5.822098617952439596e-03
1.664930200010062700e-01
0.000000000000000000e+00
-1.181151436673047866e-01
3.942033697372993029e-02
-8.568969324569628010e-02
-4.491069079713734535e-02
5.437933329786145964e-02
-1.958697032569086949e-01
-3.810608091240369477e-02
3.971953946694519594e-02
-2.513578574622298278e-01
-4.483635794884243686e-01
0.000000000000000000e+00
-5.416788131156893837e-02
-1.436547595998352578e-01
0.000000000000000000e+00
-3.263334127694734743e-01
8.436044530613923120e-02
-2.042128657700334818e-02
-4.342500640250954863e-02
3.196818288015456089e-01
-1.698193122355691198e-01
-6.009191803124921960e-02
-1.377903311577958478e-01
1.363916557395774831e-01
3.141371935106178348e-02
-1.800875828922679223e-01
2.467832684103311858e-02
1.023874782062950961e-01
-1.378405050096552509e-02
1.994230258964911073e-01
-6.640145304909539359e-02
-3.272719227922243901e-02
3.255442804815670416e-02
-6.380616023770729894e-02
-3.999057461129212204e-02
-1.285094865266511732e-01
-1.261462286016292733e-01
-4.360610040238488416e-01
-2.356818087884694768e-01
0.000000000000000000e+00
8.908938599423940966e-03
1.514323980965643149e-02
-5.933782534737318259e-02
-2.458801105636373163e-01
-4.689447572082886678e-02
1.924835102510040752e-01
-7.751482927272471124e-02
4.031748454544473170e-02
1.181240679114696907e-01
4.058101904480294203e-02
-4.846044988154735167e-01
-5.068983308835839363e-02
-6.339017876305068355e-02
-2.457223351341482065e-01
9.923819768436183131e-03
1.127817122062491906e-01
-8.564902794631107374e-02
2.404008578306694732e-01
-4.138349971330256838e-01
2.139171619299741131e-02
0.000000000000000000e+00
0.000000000000000000e+00
4.395169039358756136e-01
1.367780822648458905e-01
6.085851551054289460e-02
1.386576531213322416e-01
-1.154862001957608214e-01
8.863203664589774933e-02
-6.467001663684582291e-02
7.369518010836809130e-02
2.258703788356614950e-01
1.026333964926565562e-01
9.598160932483218791e-03
-1.999509953462835082e-02
2.265367742348426416e-01
-1.352840559615544613e-01
-4.246534518051236357e-02
0.000000000000000000e+00
2.516825899918053236e-02
1.044017550473974737e-01
2.106028274571053460e-01
9.665831455714353482e-02
-5.728228348875893938e-02
-1.644881256600062847e-01
0.000000000000000000e+00
5.296861315322189297e-03
1.497180144881411490e-01
2.920065834538529068e-02
6.938558896499420758e-02
1.593203661642513327e-02
-1.888881920830518197e-03
-4.958976533998997460e-02
0.000000000000000000e+00
-4.341650532853718464e-02
-1.356413364997964555e-01
0.000000000000000000e+00
-1.457148858376773083e-02
0.000000000000000000e+00
-4.201709557928130501e-01
-2.289032818348209486e-01
-3.512601855093484132e-02
4.471042067680360173e-03
2.475655332496197458e-02
-9.478755316040672965e-03
-1.444838919701271207e-01
5.479590919709363961e-01
-1.116714315425231918e+00
-1.721913459731741133e-02
-2.558353123738735801e-01
-9.831834996470521781e-02
0.000000000000000000e+00
-5.022465383661938593e-02
-3.158470711696652056e-01
-1.236645801231535044e-02
-6.387493708842080509e-02
-1.241236739157840219e-01
1.184236252581019194e-01
-1.750401547184912143e-01
-2.662228409891865821e-01
-1.175172786051375540e-01
-5.432379988786734983e-03
-1.119026234787591501e-02
-2.011433107126783526e-01
7.223967367378472670e-02
-1.465168920401259400e-01
-1.502609307604296437e-02
-9.375559032160667161e-02
0.000000000000000000e+00
-7.932898702544069480e-02
0.000000000000000000e+00
0.000000000000000000e+00
-2.090993625727494698e-01
1.947718310375949613e-01
1.727261918561156240e-01
7.649412065625250945e-02
1.071095285958721527e-01
-1.925142084162877743e-01
1.093724426437093361e-01
0.000000000000000000e+00
-2.492195037343054864e-02
-4.540236236124692293e-03
-6.396768762081171678e-02
1.025459631587160581e-01
6.672976775429924345e-02
-7.355962531597511067e-02
-6.400200778336757879e-02
-3.974174041144620806e-02
-3.356971008881502565e-03
-9.422898363621133588e-02
6.589217165656914565e-02
-7.140932734285103389e-02
-6.488656995768192493e-02
-9.365323192017974141e-02
2.401241955916956494e-02
-5.822901692124027306e-02
-4.028606027264681200e-01
0.000000000000000000e+00
-8.159586264947993328e-02
-2.811951443506005566e-01
0.000000000000000000e+00
3.428510784817552504e-02
-3.874323031769266734e-02
0.000000000000000000e+00
-2.136173167700143871e-01
-9.468727549257029141e-02
1.040625478380004520e-01
0.000000000000000000e+00
-4.378260299876408218e-02
0.000000000000000000e+00
-1.262027295490595613e-01
9.459992815775385144e-02
-1.167082427391245847e-01
4.862869353657329335e-02
-1.539414526894889758e-02
2.865677139583484509e-02
-1.124040662062545243e-01
-9.124710078745299630e-03
1.965708956882523950e-01
-8.408702965598842116e-01
8.885439315199319954e-03
-1.908426740269394961e-01
1.272666987971264874e-01
-4.119311054223338819e-02
-2.072259210993905240e-02
4.437225456325446377e-02
-1.764328926409770293e-01
2.482071352074811943e-01
-5.784144127102797822e-02
-1.239729162617371205e-01
0.000000000000000000e+00
5.150250594665897186e-01
-1.024104084632132886e-02
9.632406862715769957e-02
0.000000000000000000e+00
-5.155114866333718737e-01
-1.348894802813792662e-02
-4.661200737935276839e-02
-7.064612909439481336e-02
-4.716843444512272554e-02
0.000000000000000000e+00
-3.401825289049617562e-02
0.000000000000000000e+00
1.507342184688381659e-01
-5.525884038743748145e-02
-2.158518185329024591e-02
-5.592454627129301858e-01
-1.652453906752982676e-02
0.000000000000000000e+00
-7.573563319407497496e-02
-5.658569971128127318e-02
1.113811171741437983e-01
-4.672330167594111044e-02
-1.173537398079093075e-01
-4.604180316339304690e-01
-1.102119745047651228e-01
1.530461288106562123e-01
0.000000000000000000e+00
8.517516320862224266e-02
0.000000000000000000e+00
0.000000000000000000e+00
0.000000000000000000e+00
-4.243044323554632236e-01
0.000000000000000000e+00
-1.046444693954903804e-01
0.000000000000000000e+00
0.000000000000000000e+00
-2.396033291586390224e-01
3.880661988583050670e-02
3.335517548549954969e-01
7.332638161919874387e-02
-3.166301744470359503e-02
-2.009968651187251515e-02
-1.221452092443936072e-01
-3.900300078426382350e-02
2.808171852994118672e-02
-1.212679663156241705e-01
-3.038850256580276077e-01
-2.807315674824871227e-03
1.501896406759716251e-01
-7.808070694618611529e-02
-3.624891033464944234e-02
0.000000000000000000e+00
3.913534741440782838e-02
1.370617528593518486e-01
-2.369645909229556313e-01
-1.095021519069183935e-01
9.034764507155070012e-02
5.131343300109129923e-02
-1.953419673245344046e-01
6.774038794945688724e-02
0.000000000000000000e+00
-3.023129007745881114e-02
0.000000000000000000e+00
-8.559527867724361916e-03
-7.780397486577615707e-02
-1.750792309458897023e-01
8.726802188233444280e-02
1.670802732886960199e-02
-2.623972980121714715e-03
0.000000000000000000e+00
-6.380427889810873221e-02
0.000000000000000000e+00
1.234244830314798758e-01
-3.166353531895757523e-02
0.000000000000000000e+00
2.667336061265829228e-01
5.648849217757023755e-01
-1.274921368145304490e-01
0.000000000000000000e+00
-5.281832383038859852e-02
2.578136226037683332e-01
-1.741124358339455058e-01
-3.279404806099675811e-03
3.294277140504960066e-02
3.723719090805511361e-02
0.000000000000000000e+00
9.485549118396888191e-02
-6.155830192848651961e-02
4.195988539975040871e-02
-1.237903133195318306e-01
7.542448719309060579e-01
-4.105730315784794637e-02
-2.155719372494018793e-01
3.724282191418612498e-02
0.000000000000000000e+00
-1.212317387369278854e-01
1.069907994632334630e-01
-6.227905785896194896e-02
-1.452230318062657788e-01
8.019419572784676487e-02
3.632935112464342337e-02
-8.027853912637069600e-01
2.407028223025139690e-01
-3.315563521384875534e-01
8.970528676608775787e-02
-1.417880867794824862e-01
1.455166688175117684e-01
0.000000000000000000e+00
-3.240999592363972281e-01
-2.646609866402067635e-01
1.847798300429255927e-02
0.000000000000000000e+00
-3.117257097194718329e-01
-2.798045589311577274e-03
3.367398223189511097e-01
2.313316948079716662e-01
1.598004232508888622e-01
-1.289595198468133086e-01
4.985821666066176262e-04
-1.483114844845681915e-02
-4.541007062864255150e-02
3.005498066983434691e-01
1.524001420105202675e-01
-1.744102403953075309e-01
6.318424394881357042e-02
0.000000000000000000e+00
-5.964216848254336178e-02
-1.422949314374806207e-01
-1.160183253125081403e-03
-2.464404199742344093e-01
-1.125030058156284013e-01
8.957837443248717335e-02
-2.861469966360421502e-01
1.562127392010822236e-01
2.048285418122323606e-02
1.498525618241060009e-01
1.295302717857315516e-02
1.124952078486131934e-01
0.000000000000000000e+00
0.000000000000000000e+00
-1.047027816059388321e-02
1.546083358526778306e-01
-1.926852311006004015e-01
7.994050129595323129e-02
2.343238824933961684e-02
-3.335531911372515562e-02
5.665018079287487129e-02
1.471950088088041196e-02
0.000000000000000000e+00
-4.203628578051655379e-02
1.377566364997659665e-01
-2.213447345496955265e-01
-5.651041631675628868e-02
-4.291515530626684172e-02
0.000000000000000000e+00
0.000000000000000000e+00
-1.018932358417842104e-01
-2.317328297330164752e-02
-5.021058282970525949e-02
-1.670653902674990865e-01
-9.681658413481035973e-04
9.335877274254840430e-02
-1.486914245603051243e-01
-1.054533277172680222e-01
-2.537810303411864865e-01
3.148158812869766288e-01
4.518013776230385414e-02
-8.587444293569566900e-02
-1.153230631958410551e-01
1.486116672321033672e-01
-1.821756874456611497e-01
-3.930467223895592159e-03
-1.663505449574267658e-01
-3.754117369181014796e-01
0.000000000000000000e+00
-7.402541239805876527e-02
0.000000000000000000e+00
4.410255506935556111e-03
0.000000000000000000e+00
6.879590566332736967e-02
2.649810627696033705e-02
0.000000000000000000e+00
-2.345138036639708712e-01
-1.056930481749899092e-01
3.356578570674602635e-01
-4.194627221679343709e-02
0.000000000000000000e+00
-2.350500376250519996e-01
-2.134286369496781952e-02
8.522417055100889316e-02
-1.752068732101755011e-01
-2.384333359538443921e-03
2.106697281449351408e-02
-2.385281144361891398e-02
-1.986655033950581739e-01
-6.692909085008480474e-02
2.862679579265041685e-01
-4.777275301066272878e-02
-1.137180133809958110e-01
-5.712951983977370557e-02
-1.045755843309590372e-01
1.243274945535640004e-02
0.000000000000000000e+00
3.164516567655391022e-01
-5.823735785348325977e-02
-1.463727189885649094e-01
-1.300681987097395964e-01
-1.343067050313854482e-01
-4.390817532061826178e-02
0.000000000000000000e+00
-1.485694817166475501e-01
-2.348794525616997031e-01
-3.877965698397232985e-02
0.000000000000000000e+00
7.812645789546759922e-02
0.000000000000000000e+00
0.000000000000000000e+00
0.000000000000000000e+00
4.336933505702279812e-02
-2.272272991304370160e-01
2.124194762492485899e-02
-7.958364493825868802e-02
-1.590674649811399111e-01
1.329010001948863762e-01
0.000000000000000000e+00
-7.775405023603269850e-02
6.860492210136799607e-02
-1.310725325836386290e-01
-5.511542390229785121e-02
-4.436221402301500014e-03
-7.444989689886852835e-01
1.622724153720068174e-01
0.000000000000000000e+00
-9.479451836769008100e-03
-1.206015846650238810e-01
-9.662713038461212545e-02
0.000000000000000000e+00
-4.780729283443579253e-02
-1.912420704381434175e-02
0.000000000000000000e+00
7.921665591042072185e-02
0.000000000000000000e+00
0.000000000000000000e+00
-4.845417848485439327e-02
-8.300427889418919569e-02
-1.529949828674626588e-01
2.145464466289324357e-01
-5.201495421103723843e-02
-1.997095682230035918e-01
-3.061920640587336151e-01
1.238572011750316421e-01
3.173958251572470135e-02
2.108483141043806797e-01
-3.990208369458251615e-03
0.000000000000000000e+00
4.601119939190691233e-03
-1.630487966630952690e-01
-3.615206739500812505e-01
3.830938325075913808e-01
1.508199765878332280e-02
5.535064407772231909e-02
0.000000000000000000e+00
-1.801931447090618643e-01
3.003926207117891753e-02
1.433495108308496524e-01
6.477916362703576292e-01
6.326205687295976751e-03
0.000000000000000000e+00
1.477759482353858400e-01
1.227165284606696466e-01
0.000000000000000000e+00
0.000000000000000000e+00
0.000000000000000000e+00
-2.609491442099596825e-01
0.000000000000000000e+00
-4.482802684990372377e-01
-7.955410843160200945e-03
6.021897374778684836e-02
6.555977468134198405e-02
-4.165007311247310301e-02
6.944284415746478090e-02
-9.812494454641414177e-02
-1.044270058425456060e-01
0.000000000000000000e+00
1.893315273013758968e-03
-1.654106140212988074e-01
-4.398067742236572847e-03
5.231387018812515971e-02
5.686149824471056768e-02
2.065610156541554387e-01
-2.015252151635882338e-01
-4.834791527531033806e-01
-7.188084713165381057e-02
-1.873871573198019336e-01
1.794941350002066394e-01
-1.741178702569143588e-01
8.120983232816252062e-02
5.851163762667448143e-02
2.540791852101714071e-02
-2.333174576807748035e-01
2.482271724409953009e-04
-5.112187127093257288e-01
-1.302483531575724940e-01
-3.922779933257577317e-02
0.000000000000000000e+00
8.868971349493166845e-02
-9.680506926769653908e-02
-9.281049537277771821e-02
-8.484622740172957644e-02
-9.003678488581152994e-02
-2.894201162335138713e-03
0.000000000000000000e+00
-1.656239440298230281e-01
-1.982095681724278802e-02
-8.098469901951413363e-02
3.585155414260843831e-01
4.490459971434593300e-02
2.934129148537709120e-02
0.000000000000000000e+00
-2.461536589613834425e-01
0.000000000000000000e+00
0.000000000000000000e+00
1.134486868046098162e-01
-2.259171571802077311e-02
0.000000000000000000e+00
-5.603187109124504461e-01
-1.663295877305458470e-01
1.013247157817626642e-01
0.000000000000000000e+00
5.989340418605192812e-02
-3.215913895986348137e-01
0.000000000000000000e+00
-6.631386276388296329e-03
-1.562672207734865648e-01
-8.470368170491979209e-02
-7.445826832487946467e-02
3.226544263751107700e-02
6.636148481480623473e-02
1.884900630912163810e-01
0.000000000000000000e+00
4.944788688231878393e-02
-4.040075038099585902e-02
2.390487238193386016e-02
1.114284239784465481e-02
8.148309738172566929e-02
0.000000000000000000e+00
-9.252071251234724597e-03
-1.541037665874464002e-01
0.000000000000000000e+00
1.752229307536326275e-01
-4.284370100120057923e-02
2.014899069744883198e-01
1.500239187356745552e-01
-5.817210629908372566e-01
1.383993476006674661e-01
3.766689441863164678e-01
0.000000000000000000e+00
4.209567949632613687e-02
0.000000000000000000e+00
2.181097177534473408e-01
-1.889655807941658106e-01
0.000000000000000000e+00
0.000000000000000000e+00
0.000000000000000000e+00
8.573849407635187880e-01
-1.435224720376790664e-01
1.336028035848233486e-01
0.000000000000000000e+00
0.000000000000000000e+00
1.860114428405390541e-01
5.105834845935289940e-02
-2.570154315882321461e-01
-7.777804654112363547e-02
0.000000000000000000e+00
-4.169844288970456919e-02
-1.371553899531921805e-01
5.990564077683703526e-02
-2.265594201816228392e-01
-3.412387077314735784e-01
5.709673811970737700e-02
-1.385618366741970739e-02
-5.879298444692303560e-01
-1.020003080227654679e-01
-6.832370646335705899e-02
-1.985017732083051711e-01
0.000000000000000000e+00
4.050224841812050808e-02
7.761104401351134885e-02
1.371291769509384029e-01
9.415619969726533520e-03
-5.295839330983022342e-02
-2.454197315526904510e-01
0.000000000000000000e+00
-3.685893484002872311e-02
0.000000000000000000e+00
3.070262054029902765e-02
-8.778360334892332251e-02
-8.653538440467777038e-02
-1.695992456770172851e-01
-1.995148410668539096e-01
-4.314847798872126911e-02
1.678789728967520212e-01
0.000000000000000000e+00
3.064916106117829275e-02
5.445090354030603930e-01
2.331909138212317212e-01
-1.888910896993505339e-01
-5.660823994359145267e-02
-2.571056189161808891e-01
0.000000000000000000e+00
-2.200872822667195861e-01
1.228898460414312721e-02
2.080809822394867267e-02
1.776137044966258349e-01
-2.295180660125049898e-01
2.323045319287979013e-02
-5.704374920722388165e-02
-8.932808198077683837e-02
-2.328309098763916007e-01
-1.809159372426303036e-01
-3.017901169094846028e-02
-1.155397907225704512e-01
2.528458656438384855e-01
9.951544942070579547e-02
8.507651739015295589e-02
-1.655904349517693663e-01
6.859344055269342433e-02
-3.086148126066612929e-01
1.469168424525091887e-01
-1.683700397939380256e-01
1.276246187564062384e-01
2.107409988909162910e-02
0.000000000000000000e+00
1.162992609897627733e-01
-1.131787954185472650e-01
8.848899671215600116e-02
-1.193190897370691866e-02
-1.923163099951853139e-01
3.388455690209025151e-01
6.325025800690099731e-02
-3.890880795380679408e-02
3.281956518111288357e-02
2.729515225596816919e-01
-7.093378145621118689e-04
-7.591839697598347543e-03
-3.866992278259803739e-01
-5.437819606122561433e-01
-7.522205814589291717e-02
-2.604564508728329231e-01
0.000000000000000000e+00
-1.379831757707507267e-01
0.000000000000000000e+00
-3.825731672879718187e-02
5.489105869595153897e-02
-1.697311075305801831e-01
1.263559873457535121e-01
-3.550603516061423548e-01
8.493943670227187270e-02
0.000000000000000000e+00
0.000000000000000000e+00
0.000000000000000000e+00
-8.756894698553052692e-02
1.929907319906563057e-01
-5.406779119983214782e-02
-2.240160599950131726e-01
-1.308682680911704872e-02
-1.816406828597990630e-01
-1.998892881203452876e-01
0.000000000000000000e+00
0.000000000000000000e+00
2.131757973529788686e-01
-4.555508632864405799e-02
1.161137110548586017e-02
-1.166800038878976816e-03
-1.696903487596504723e-01
-3.187130896231778199e-02
-2.662187075240516898e-01
-5.791530417746845183e-01
-1.866599950375179562e-01
-2.209807283609015877e-03
-3.024298616408596652e-02
1.078101184154503511e-01
0.000000000000000000e+00
0.000000000000000000e+00
-9.493333386834817977e-02
-2.233841300822961840e-01
-4.311836822280646908e-01
-5.264008185960383779e-02
-7.922731928167900742e-03
0.000000000000000000e+00
0.000000000000000000e+00
7.761409467075160162e-02
-2.299017394714302498e-01
0.000000000000000000e+00
1.726359600375193815e-01
-6.140700039199887411e-02
0.000000000000000000e+00
0.000000000000000000e+00
1.193407286330060713e-01
-1.563765082212540958e-01
-1.314626866906668523e-01
-3.060761109178839479e-01
-1.007907464818712656e-01
7.220541910754052495e-02
-9.890751285847305604e-03
0.000000000000000000e+00
5.505079814639610158e-02
6.321290015014136010e-02
0.000000000000000000e+00
6.868904174446800737e-02
6.889290721753962843e-02
-1.987922634691088319e-01
-2.168248479239994753e-01
-1.818076835257430302e-01
-3.250232517969708912e-01
-5.886151827459094044e-01
-6.668795573157909606e-02
-7.452838212698247033e-02
5.132654679566438227e-02
0.000000000000000000e+00
3.337057803617386048e-02
-2.252296223518799045e-01
-2.610879246396358155e-02
0.000000000000000000e+00
7.534963082490954422e-02
-2.452004345983385125e-01
-7.593281473487906164e-02
-6.123943187292556212e-02
2.110400211581437702e-01
-1.379048571861328787e-01
1.196101486074335057e-01
-8.923174855518677118e-02
0.000000000000000000e+00
-3.062455214201068726e-02
-9.695359474583443993e-02
-4.280397076928035144e-02
1.472155327869284665e-02
-4.026894759874422580e-01
2.552769460219963538e-01
0.000000000000000000e+00
-4.467881585451748128e-02
0.000000000000000000e+00
1.355094946125595945e-01
-8.749218983449436049e-01
1.849831242534142550e+00
1.551194732463976877e-01
1.740115753447040725e-01
-9.114634220185760527e-02
-5.814947584599908410e-03
4.335407537659211746e-02
1.218665979417630080e-01
-1.263038758426548482e-02
2.897900109050036699e-01
0.000000000000000000e+00
-8.524841419730737335e-02
-2.483602132615239655e-01
0.000000000000000000e+00
0.000000000000000000e+00
0.000000000000000000e+00
-2.645912847889436356e-02
-1.569473153670556120e-01
-5.418659677591025625e-02
1.318089318433769419e-01
0.000000000000000000e+00
4.934300843001012682e-01
-1.294248383820399972e-01
1.088998779082430562e-01
0.000000000000000000e+00
1.964505142517928848e-01
-3.556665046063328117e-01
-7.638176903052303901e-01
0.000000000000000000e+00
-1.013410003176963559e-01
-4.284109553739809395e-01
1.538190585522218046e-01
4.431910608552765973e-01
-1.412960155643062654e-01
1.724510984863090457e-01
-1.908242589284177837e-01
6.471202502651487998e-02
-1.846902581346696395e-02
-3.133133194585117631e-01
-6.981063972204505641e-02
1.240157984008223524e+00
-8.262622627613465387e-02
3.697243747466714969e-02
1.627493006973763923e-02
-8.062357176230500189e-02
2.540099233134158196e-01
0.000000000000000000e+00
-1.980264853448120421e-01
5.488897652460929429e-04
-6.446081534859174345e-02
6.415944194926342936e-02
0.000000000000000000e+00
-8.639603817181438009e-03
-7.100933112812360393e-02
0.000000000000000000e+00
0.000000000000000000e+00
-1.232070962641317463e-01
0.000000000000000000e+00
0.000000000000000000e+00
0.000000000000000000e+00
9.383914183636937745e-02
1.519737710572523215e-01
7.662240365783405671e-02
0.000000000000000000e+00
9.013278372530910201e-03
-4.712213521322741738e-02
-1.995146765448473636e-01
1.406237419026438729e-01
-1.450364879536924778e-01
-1.743547526080893306e-01
0.000000000000000000e+00
1.881096579497091859e-01
-4.558085603920594003e-02
3.064678998584590142e-01
-7.119914687020718891e-02
4.065995328176023882e-02
0.000000000000000000e+00
9.847830491342549064e-02
4.285766184932575384e-02
-5.562198697756947502e-02
-2.154259429042440152e-02
3.693438337363633139e-01
-4.325000565423112175e-02
-2.371105547585771953e-02
9.478534129548803200e-02
-8.218649212150223871e-02
0.000000000000000000e+00
0.000000000000000000e+00
-3.454389381217209953e-01
-2.212773604841646313e-01
-8.421929541355172022e-02
0.000000000000000000e+00
-1.516561148810638415e-01
-6.012476732404445356e-02
5.142140735445799304e-02
6.264513833104363993e-02
0.000000000000000000e+00
3.278137339396653971e-01
5.835436617173069829e-01
1.822850345402753924e-01
-1.841553176385349044e-01
-2.729907133840832612e-01
-4.767334669272411257e-02
0.000000000000000000e+00
0.000000000000000000e+00
-4.006668430883213866e-02
2.446416399642550588e-01
2.670489211425684101e-02
2.017982029592225446e-01
9.253714226788646580e-02
-4.090862222413552129e-01
-3.105394172290057986e-01
-7.131537285603349596e-02
0.000000000000000000e+00
8.844408684788798714e-02
7.408468072895513234e-02
-2.204327306473648218e-01
-2.759770309020580514e-01
-1.321033744888918116e-01
-3.947580755354536675e-01
1.824554048186445565e-01
0.000000000000000000e+00
-3.698645201680946654e-02
2.340145375192606916e-02
-3.120364960298990242e-01
-1.247660016164730684e-01
-2.510767491033469301e-01
-2.035016921529515799e-01
-2.339076520862764241e-01
1.916356484602085158e-02
0.000000000000000000e+00
1.170994315596820823e-01
-2.538904807681987563e-01
-3.045633231810617736e-01
5.110074277011703546e-03
7.068551007050364321e-01
-1.209176645076368711e-01
-3.651499332863564762e-01
6.727086812726122689e-02
-1.626897688385920970e-01
-6.041947030964381349e-02
-2.598356983336675419e-01
1.978020650764149568e-01
-1.332147564293178765e-01
2.631014366425132520e-03
-4.567998373780216004e-02
-2.591647449082617460e-01
-1.219941083753189881e-01
0.000000000000000000e+00
1.670736592274063848e-01
-1.343199255944128312e-01
-4.415442385680155846e-02
8.013264907719358510e-02
0.000000000000000000e+00
8.720969636679488934e-03
0.000000000000000000e+00
-2.002679996802937679e-01
-1.290544612445232442e-01
-4.412115806920356015e-02
-2.293438463814736483e-01
0.000000000000000000e+00
1.050044914796104956e-01
-2.084173602281182425e-01
-2.902771789018394610e-01
-1.384014586651168555e-01
-1.669539037371731982e-01
-1.983665754069442733e-01
-2.124073529367511565e-02
0.000000000000000000e+00
-8.737793769839052871e-02
1.510451883819296723e-02
-4.172602078830459776e-02
0.000000000000000000e+00
-5.241245429667428651e-02
-1.556124744283392536e-01
0.000000000000000000e+00
3.242886669711916164e-02
-1.719735758693671790e-01
-2.008316301458498987e-01
0.000000000000000000e+00
2.152870461601127106e-01
1.080595101142687101e-02
-4.222202640728824063e-02
-2.373997235640264714e-01
5.705985866890292968e-01
-2.738809660856403663e-02
-5.471854321768960805e-01
-4.643091604593697908e-02
8.752069771338336079e-02
0.000000000000000000e+00
-1.463512895619901166e-01
2.192883913665177875e-01
0.000000000000000000e+00
-1.311626682737489225e-01
9.394702605817362162e-02
-6.467347146778884559e-02
-3.008758325937888056e-01
-2.101270316787479196e-03
0.000000000000000000e+00
-2.379792621034019784e-01
-1.392348423850917616e-01
-1.237303196816969264e-01
-8.203180311559472859e-02
0.000000000000000000e+00
0.000000000000000000e+00
-2.490562969539938942e-01
4.584773468661135221e-01
0.000000000000000000e+00
0.000000000000000000e+00
0.000000000000000000e+00
-2.210739383382680223e-01
-6.272816888115519997e-03
0.000000000000000000e+00
0.000000000000000000e+00
0.000000000000000000e+00
-7.974272128297538176e-02
-1.738641032409235510e-01
0.000000000000000000e+00
-7.013490447471616707e-02
-1.280692029437675572e-01
-3.529247435754463702e-02
-1.521090989312001707e-01
0.000000000000000000e+00
-2.829616244573119211e-03
-3.568481954615717600e-01
-1.225332547082825033e-02
-2.763322416006341875e-01
1.012206750175257852e+00
-3.293565696466637660e-01
-2.963349949501744574e-01
-1.350021448697803217e-01
5.947127439303286425e-03
-1.796535224361881233e-01
-1.353155412024458215e-01
1.465517221565757200e-01
-1.653200497729058471e-02
-3.271052421872907012e-01
-4.077694338761551629e-01
-1.758778157918401419e-01
0.000000000000000000e+00
1.245188405297701778e-01
-9.260771818050754500e-02
-1.199212718936186195e-01
0.000000000000000000e+00
-1.813421717918118903e-01
-5.949004864446232749e-02
2.060613522135436651e-03
-2.126647210905451557e-01
1.676083397522732943e-01
-4.486832453838567741e-02
-5.231945150088573165e-02
0.000000000000000000e+00
0.000000000000000000e+00
0.000000000000000000e+00
1.372135577638752824e-01
-1.507495985075391898e-01
-2.427385054602556047e-01
-1.757235614957461944e-01
1.118393437722033645e-01
-2.346000131665766097e-01
-4.791469296949447954e-02
0.000000000000000000e+00
-1.703630400527167410e-01
1.519989207564501933e-02
0.000000000000000000e+00
6.894134116046402028e-02
-6.020042586144060126e-02
-3.253184885382013336e-01
-1.375689290424499667e-01
2.905376142308330190e-01
0.000000000000000000e+00
0.000000000000000000e+00
-2.074307577873514830e-01
3.621412916324893705e-01
0.000000000000000000e+00
1.549007070920207230e-01
5.300785850985723080e-02
5.607135835442274008e-01
-3.504693664670351372e-01
3.173398600942026193e-01
0.000000000000000000e+00
-4.996803154242617645e-02
-7.517313899832216151e-02
-7.402311164870248317e-02
-2.427674950856049119e-01
-3.648036579355073417e-01
-3.224637048835474543e-03
2.486876157589454628e-01
-3.885356148144799016e-01
-1.611214775877057304e-01
-2.866056736203275168e-01
2.340865270998778239e-02
0.000000000000000000e+00
-1.818095162259772413e-01
-7.899516238945769944e-03
-4.145937599574640586e-01
2.046350510372547116e-01
-6.393861175088252913e-02
0.000000000000000000e+00
-6.113370599088884666e-02
0.000000000000000000e+00
1.206002432275967429e-01
-3.555895677922383397e-02
-1.959401769836459639e-01
-1.508756863182912078e-01
0.000000000000000000e+00
-1.010774306137533496e-01
-2.166617985449857675e-01
5.815279573031637700e-02
-2.186341577628988786e-01
0.000000000000000000e+00
-7.147751859248387130e-02
0.000000000000000000e+00
-2.954835077992922776e-01
-9.056492896156771374e-03
-3.749488906113598169e-02
1.857112399899177313e-02
-7.687733119469283838e-02
0.000000000000000000e+00
-5.461217065524001657e-02
-5.052434721978769083e-01
-8.848267917608054756e-02
-1.418890145661920454e-01
1.060853985491069101e-01
-9.784459443321875949e-02
3.634502989909001169e-02
-7.002545294145458288e-02
-6.873894531706670197e-02
8.894664168825239248e-02
2.539528789159700706e-01
-3.261259372714614968e-01
2.528547989913991767e-01
-3.802636619416277508e-02
0.000000000000000000e+00
2.538028385128001871e-02
-5.108457118397961849e-03
-9.994984739648778149e-02
-2.475092326252615882e-01
-1.297528634749544885e-01
-1.758366324486589916e-01
-2.590441421011550061e-01
1.308008879455294649e-01
-1.170642512883329420e-02
1.948481676879781910e-01
-1.040692838183331775e-01
-2.847532010448664552e-01
-7.783449641171545641e-02
0.000000000000000000e+00
-8.194968907399403923e-02
3.079469915412889197e-02
1.926544729945275369e-01
4.352977272535222403e-02
0.000000000000000000e+00
6.558270172432969537e-03
-1.592849010931392806e-01
-1.434709463284115083e-01
-1.628469755462235227e-02
0.000000000000000000e+00
0.000000000000000000e+00
0.000000000000000000e+00
-3.726273358503361943e-01
3.996844379537087266e-01
2.889528806340774802e-01
7.630279406771087181e-02
-4.908795717299207356e-02
1.063945080116965453e-01
-2.530999314158803859e-01
-8.639756255282166064e-02
-4.958763678389625507e-01
1.754873141446808282e-01
-1.209860129128355472e-01
2.970835950847978135e-01
0.000000000000000000e+00
0.000000000000000000e+00
3.904249944774955128e-01
-9.027295512730906801e-02
-9.707144439768458644e-02
-3.285783271932051219e-01
1.918435288852053111e-01
0.000000000000000000e+00
-2.434642466001786520e-03
-3.332206402687518110e-01
1.645014750109416099e-02
-2.414019971862436109e-01
4.709267242833736072e-02
0.000000000000000000e+00
-3.105638800402790722e-01
-2.816009217399043640e-01
0.000000000000000000e+00
-6.337961768133239249e-02
-1.782943704918902028e-01
-1.550993106024257766e-02
-7.010438921922969302e-02
-9.560246611331804645e-02
-1.304929188837618825e-01
-1.908445974647403343e-01
9.806427732790631846e-02
-1.272754101105392222e-01
0.000000000000000000e+00
-1.149319798400234433e-01
-1.072035183303812478e-01
1.182415128040029129e-01
4.951223791676726549e-01
6.248403622606300833e-02
-1.321391971535118837e-01
-1.565565799551370263e-01
1.081794573064711329e-01
-1.266863637864458214e-01
-1.483280391974134971e-01
-5.391306591320124131e-01
-2.604877897747887583e-01
4.640799656371651927e-01
0.000000000000000000e+00
-9.989047782063913139e-02
2.305783230444348464e-01
0.000000000000000000e+00
0.000000000000000000e+00
2.467203064341939867e-01
2.889003774660017232e-01
1.758733225868650274e-01
1.946876891097470974e-01
-4.146665149607672296e-01
1.640992614904754454e+00
5.829735179236447684e-03
-2.620149633134097322e-01
-1.175073746786368528e-01
0.000000000000000000e+00
2.195609992781880349e-01
-2.299616362261169555e-01
-3.689569579028768170e-02
4.919516201473092543e-02
-1.775630741912934477e-02
-2.441184811845776570e-01
-6.871097966318423511e-02
0.000000000000000000e+00
0.000000000000000000e+00
-1.329292020064776203e-01
-2.232742376804219137e-02
-1.970495730173379978e-01
-4.647667122956877089e-02
-2.643281441914445071e-02
4.649845578680435187e-02
-1.770190896529617863e-01
-1.317206159924588504e-01
2.140458067968126384e-03
-9.082184584140985889e-04
0.000000000000000000e+00
0.000000000000000000e+00
0.000000000000000000e+00
0.000000000000000000e+00
-1.200394410729078987e-01
-1.172064070789300694e-01
0.000000000000000000e+00
-8.323484276468792742e-02
2.873903904721270552e-01
2.368635464740343477e-01
1.180363240534583052e-01
-3.276994189229848198e-01
1.015005520367777830e-01
-1.572365663505776445e-01
-3.061382114620738171e-01
3.203670669114064284e-01
-1.316268045608840476e-01
-6.995091377039189262e-02
1.327696091241666876e-01
0.000000000000000000e+00
-5.990733108249138988e-02
0.000000000000000000e+00
-9.350963786631280583e-02
-1.868327618120389864e-03
-3.059641367921180355e-01
5.951319265625947680e-02
-3.494497673913048857e-02
-1.294316557896794118e-01
-7.365281923988019341e-02
6.852203254089125894e-02
-9.442698933674044393e-02
-1.035251838386810341e-01
-5.979777185616483998e-02
0.000000000000000000e+00
0.000000000000000000e+00
-2.638990581485640280e-02
0.000000000000000000e+00
4.235680937469338617e-03
1.729479055281408773e-01
-2.657990834638112032e-01
-1.601742205726175428e-01
0.000000000000000000e+00
-4.839527794365296176e-02
0.000000000000000000e+00
-2.350774439140306538e-01
-1.227215341646192837e-01
0.000000000000000000e+00
0.000000000000000000e+00
0.000000000000000000e+00
-3.232387144238479948e-01
-1.688613669442637910e-01
0.000000000000000000e+00
-4.967083312823137448e-02
0.000000000000000000e+00
1.034851881398162893e-01
-1.828979031578934211e-01
0.000000000000000000e+00
-1.618484950503178421e-01
-6.951218490472613372e-03
0.000000000000000000e+00
4.850768785659297262e-03
-3.536209440649508429e-02
5.575069238297319235e-02
-8.273323103715674032e-03
8.538392112993246907e-02
0.000000000000000000e+00
7.843878120045980409e-03
-4.069167940990358057e-01
3.614052141547012820e-01
-3.832283762040033515e-01
0.000000000000000000e+00
-7.140448908407501794e-01
2.526152897067510672e-01
-4.288171724799329232e-02
-1.274409448406106649e-01
-4.514296122554899149e-02
0.000000000000000000e+00
0.000000000000000000e+00
0.000000000000000000e+00
-2.862647073302363454e-01
0.000000000000000000e+00
0.000000000000000000e+00
-5.238206379337127794e-02
0.000000000000000000e+00
0.000000000000000000e+00
3.224326125330140291e-01
2.190229695048148961e-01
6.827545643384309859e-02
-1.962468116611189306e-01
-1.407164347036697349e-01
4.754150831588633414e-02
-1.993409533527757405e-01
0.000000000000000000e+00
0.000000000000000000e+00
-3.007402632493344150e-02
0.000000000000000000e+00
-1.034976553914655241e-02
-2.349616411126661530e-01
1.985260355772701935e-01
0.000000000000000000e+00
-5.275519295449726531e-02
6.152876518703619124e-02
-3.845204340151011091e-01
-4.009611718088346849e-02
0.000000000000000000e+00
0.000000000000000000e+00
0.000000000000000000e+00
0.000000000000000000e+00
0.000000000000000000e+00
9.004691111002541271e-02
-3.439838725686860110e-01
5.036841224412520919e-03
0.000000000000000000e+00
0.000000000000000000e+00
0.000000000000000000e+00
0.000000000000000000e+00
0.000000000000000000e+00
-6.986049834540354608e-02
-4.341362338025042678e-01
0.000000000000000000e+00
0.000000000000000000e+00
0.000000000000000000e+00
0.000000000000000000e+00
1.554728985239055283e-01
0.000000000000000000e+00
0.000000000000000000e+00
4.712022772366953466e-02
1.353149764813540712e-01
2.997944341976165328e-01
0.000000000000000000e+00
-1.657430879119867542e-02
0.000000000000000000e+00
-5.961921730068541619e-02
-8.957905902544512078e-02
1.604199153496740915e-01
1.676082923240659772e+00
-6.336289921720010543e-02
2.681206976826264188e-01
-4.825393430963222374e-01
2.013592760906422474e-01
2.386854500515432284e-02
4.394139704004408620e-03
1.754333783865546711e-02
-3.430723265887041795e-01
8.798648672245650004e-02
-2.258800313791548345e-03
8.730966018899317949e-02
1.351887628943882758e-01
-1.133719441549745910e-01
-4.967807872644499495e-02
-8.017508033716048976e-02
0.000000000000000000e+00
0.000000000000000000e+00
0.000000000000000000e+00
7.290126760821787066e-02
-8.765793320213327577e-02
-4.720527294186488421e-02
1.501063906704361572e-01
0.000000000000000000e+00
8.969368241618305704e-02
-2.184816724600283366e-01
-1.595550998829716738e-01
-7.182194365269626291e-01
-2.866218429717881655e-01
1.848350975784198158e-01
0.000000000000000000e+00
1.038119221918232388e-01
-4.150715189983577025e-01
-2.390867198846000907e-01
-1.645951262033551118e-02
5.420406922254734916e-02
0.000000000000000000e+00
-4.158069644341813587e-01
-6.172123362883250031e-02
0.000000000000000000e+00
-7.481381049460681387e-01
-4.397480326960575420e-02
0.000000000000000000e+00
-2.922267736421420570e-01
0.000000000000000000e+00
0.000000000000000000e+00
0.000000000000000000e+00
0.000000000000000000e+00
0.000000000000000000e+00
3.642595172307836471e-01
-3.488421236920740132e-01
0.000000000000000000e+00
-5.719442487213328291e-02
-3.582382032050492882e-01
1.997414381277488535e-02
-1.479193853633416211e-02
3.978613763869702225e-01
0.000000000000000000e+00
4.469890337113990170e-02
0.000000000000000000e+00
2.628208382768253970e-01
0.000000000000000000e+00
-2.842160036544150725e-01
-5.602296755548554774e-01
-1.537345713091248060e-02
-2.270607720489009607e-01
-1.278263352259787766e-01
0.000000000000000000e+00
0.000000000000000000e+00
3.137785956193200332e-01
2.995159337493024654e-01
-1.666512676008366500e-01
4.471225505741682760e-02
-1.397528023021065435e-01
1.870921306910762749e-01
0.000000000000000000e+00
0.000000000000000000e+00
-2.752691264431222223e-02
0.000000000000000000e+00
-1.024940755905809769e-01
0.000000000000000000e+00
-9.163145216739836119e-02
0.000000000000000000e+00
3.081496191204393664e-01
4.021037730956018019e-01
1.477673451823712514e-01
-6.693159285448324614e-02
0.000000000000000000e+00
8.762990455205368900e-02
3.287868968990832058e-02
-3.727804236797339077e-01
0.000000000000000000e+00
1.348087574840469427e-01
-7.957201884165802930e-02
0.000000000000000000e+00
-1.890107077808079461e-01
0.000000000000000000e+00
1.558678934233511879e-02
4.683958069544202907e-01
-2.189184625506720439e-01
-2.019621260222801418e-01
0.000000000000000000e+00
-7.379648003584955707e-02
0.000000000000000000e+00
-9.825117616209834426e-02
5.046918443386878561e-01
4.774154574577636478e-01
0.000000000000000000e+00
0.000000000000000000e+00
0.000000000000000000e+00
-2.676186111536260070e-01
1.750062840593158697e-01
0.000000000000000000e+00
-3.567790521707773221e-01
0.000000000000000000e+00
-3.139326205614991205e-01
-1.515575987082410092e-01
0.000000000000000000e+00
0.000000000000000000e+00
-5.064369319529137686e-02
0.000000000000000000e+00
-2.238358169644557097e-02
1.334051182004004077e-01
0.000000000000000000e+00
0.000000000000000000e+00
-2.298308475178074128e-01
-3.176130376722928472e-02
0.000000000000000000e+00
0.000000000000000000e+00
-2.968267598936715768e-01
-7.813069959139390397e-02
-5.990901707166248480e-01
-3.780392029239922902e-01
-1.169518224769570784e-02
-3.201083738243739457e-02
-9.809729826418761567e-02
0.000000000000000000e+00
-4.775653826755211773e-01
3.246904897130472450e-02
-1.580538678544295972e-01
0.000000000000000000e+00
-2.638240758920276097e-01
-1.829239183263749458e-01
0.000000000000000000e+00
1.986144507980950602e-01
0.000000000000000000e+00
3.044888991931019584e-01
-1.158821992006091733e-01
-3.481834563938268623e-01
7.558109485252145765e-01
-1.328739024540896430e-01
0.000000000000000000e+00
0.000000000000000000e+00
1.654057235349331856e-01
0.000000000000000000e+00
-3.574054741244411249e-01
2.456723822722614858e-01
4.398355092652177500e-01
0.000000000000000000e+00
-6.525718797734565702e-02
-2.367843317465320729e-01
-9.400529861660117392e-02
0.000000000000000000e+00
-4.497476632411981368e-02
1.922469093166168930e-01
1.634695187467261335e-01
-2.916049599480165511e-01
-1.076377307411970075e-02
-2.405955105064340183e-01
2.387569243522348894e-01
0.000000000000000000e+00
-8.965246697413589705e-02
0.000000000000000000e+00
4.197926864849519518e-02
-1.966455052479224030e-01
2.889202780879801535e-02
9.138596068958347585e-02
-4.409144041882762100e-01
0.000000000000000000e+00
1.691774775998668157e-01
0.000000000000000000e+00
-9.218454908514295276e-01
8.963777438515653506e-02
-8.400990896585375234e-02
2.695449459076477722e-03
-2.587257066764129740e-02
1.441023668290306037e-01
-1.131649934683322256e-01
-3.283769716168782327e-01
-5.169135941069333967e-02
1.361296749612546930e-01
0.000000000000000000e+00
1.093661848310587686e-02
6.069200312150561764e-03
1.663291851273512520e-02
4.585453244917827437e-02
0.000000000000000000e+00
4.383803210321002286e-02
-5.811376229974607455e-01
0.000000000000000000e+00
-4.891676756098427975e-02
1.000439963429822221e-01
-4.197343755720576303e-02
-7.871011197169192064e-02
-5.610190518073646104e-02
0.000000000000000000e+00
0.000000000000000000e+00
-7.806979114425943028e-03
0.000000000000000000e+00
-8.322057145796472877e-02
-1.403080462474223522e-01
0.000000000000000000e+00
0.000000000000000000e+00
0.000000000000000000e+00
-5.307339035997048204e-02
0.000000000000000000e+00
0.000000000000000000e+00
0.000000000000000000e+00
-5.316985529516666392e-02
-3.421778940847531314e-01
0.000000000000000000e+00
-1.763755139866039490e-01
2.885783453011399047e-01
1.068338976623473512e-02
-3.933493909166685398e-01
-8.985277640465169635e-02
1.608269042474136934e-01
2.206159810876749672e-01
0.000000000000000000e+00
7.893519560258466239e-02
0.000000000000000000e+00
-1.298893902987099114e-01
1.877737207746983314e-02
-2.780564204842487785e-01
0.000000000000000000e+00
9.762131293420708844e-02
-1.016836028426214289e-01
1.253588122318959885e-01
0.000000000000000000e+00
-3.886216443841110646e-01
3.672744428433016295e-01
0.000000000000000000e+00
8.240735945376656199e-03
1.331774379517815521e-01
-2.420317858577840098e-01
0.000000000000000000e+00
4.514817245271119384e-01
2.931682510724501478e-01
-4.599029996771629714e-01
-4.024763566146255522e-01
-2.461313305932455731e-01
2.966005331158456243e-02
-1.987461242114097748e-01
-8.101005635559425933e-02
-3.820905687645523852e-01
-6.135578047522131928e-02
0.000000000000000000e+00
-2.584308430984677205e-02
-1.659624152952203502e-01
0.000000000000000000e+00
9.349785130309461179e-02
-2.477618429860889704e-01
0.000000000000000000e+00
1.239593928501989017e+00
0.000000000000000000e+00
-4.165118607135054329e-02
-9.218598302260282151e-02
1.519755972803331877e-02
-5.403025958084310965e-01
0.000000000000000000e+00
0.000000000000000000e+00
0.000000000000000000e+00
-3.831944718330067001e-01
6.021031341521236591e-02
3.586242727696889194e-03
0.000000000000000000e+00
-9.499167050868547735e-01
0.000000000000000000e+00
0.000000000000000000e+00
-5.644183568761640402e-02
0.000000000000000000e+00
0.000000000000000000e+00
0.000000000000000000e+00
-1.675215941746408255e-01
-5.703184864952430544e-02
-1.271077717828953402e-01
4.678281305726795236e-01
-1.396925798345259317e-01
7.884813978826177294e-02
0.000000000000000000e+00
-1.149266378323210991e-01
9.118329803936912892e-02
0.000000000000000000e+00
-2.566457439385327888e-02
-3.093783537199070177e-01
-3.335894850386847410e-02
-7.644271899903253009e-02
-3.280764222407550612e-01
0.000000000000000000e+00
2.132215646993931846e-01
0.000000000000000000e+00
-2.193871182060875280e-01
1.090828637609186080e-01
6.965441832321174476e-02
9.696985710886123211e-02
5.100593464261850007e-01
0.000000000000000000e+00
0.000000000000000000e+00
0.000000000000000000e+00
-5.771880509112194829e-02
-2.983338081081628457e-01
1.362440987459323516e-02
-1.475549663093295438e-01
8.933466297909255227e-02
1.353923888315572699e-01
3.487012221498481668e-01
-3.063643936734317674e-01
-7.502878901754886191e-03
-1.698419277498710855e-01
-2.743169083172786182e-01
-1.810974144631956606e-01
0.000000000000000000e+00
6.931282135357226537e-02
-1.599547391809350849e-01
-6.303399074731676210e-02
1.084841845142736627e-01
4.445603232555267459e-01
-1.261353131893449275e-01
0.000000000000000000e+00
-5.298077292061539878e-04
-1.295038983996232851e-01
-2.769886737662669365e-02
2.969242438573193588e-01
0.000000000000000000e+00
1.275815973283812299e-01
0.000000000000000000e+00
1.620090321882737550e-01
-1.111414359623680292e-01
0.000000000000000000e+00
0.000000000000000000e+00
1.057916469471741200e-01
-4.734824310665672331e-01
3.375614668708771249e-01
-3.371992742792570812e-03
0.000000000000000000e+00
-6.581853423997534487e-03
0.000000000000000000e+00
3.100192590497355405e-01
-5.984284735471848138e-02
9.311569170407776874e-02
0.000000000000000000e+00
1.451315253346869942e-02
-7.259586422767386193e-02
0.000000000000000000e+00
-2.489296045237003319e-01
-9.476160350207710192e-02
2.184608137318650167e-01
-3.792353204458941418e-01
-7.807939826860851862e-02
6.818924689477484646e-02
0.000000000000000000e+00
1.725997470282276611e-02
0.000000000000000000e+00
0.000000000000000000e+00
0.000000000000000000e+00
-3.110652326438879678e-01
-7.027355657195706595e-02
0.000000000000000000e+00
-3.446809236897065976e-01
0.000000000000000000e+00
0.000000000000000000e+00
3.500259230480383676e-01
-4.023859051445027174e-02
1.815866410461514924e-01
-1.829530264658382754e-02
4.156471175604433688e-01
0.000000000000000000e+00
0.000000000000000000e+00
0.000000000000000000e+00
-6.035311484192220841e-03
0.000000000000000000e+00
0.000000000000000000e+00
0.000000000000000000e+00
-3.860107214673200171e-01
-3.087776909603505149e-01
-3.303733469580628634e-01
0.000000000000000000e+00
0.000000000000000000e+00
8.888098459723480296e-03
-2.748700957002821535e-02
0.000000000000000000e+00
0.000000000000000000e+00
0.000000000000000000e+00
-3.672113299393300334e-01
-1.230655455011278043e+00
7.654759729817611769e-02
0.000000000000000000e+00
0.000000000000000000e+00
0.000000000000000000e+00
9.110724405448382066e-03
0.000000000000000000e+00
-9.475095253583130928e-02
-1.650570336246930947e-01
2.557631251494076330e-01
-5.610245844203459037e-02
0.000000000000000000e+00
-2.234736899011406097e-01
1.949464300159793259e-02
0.000000000000000000e+00
0.000000000000000000e+00
-1.029599007292264778e-01
0.000000000000000000e+00
-6.429113946894059184e-02
-1.797916753415562674e-01
-8.752307665401813652e-02
0.000000000000000000e+00
7.698944490797212659e-01
6.243420191009392550e-02
-3.687727758461910588e-01
5.682971959587807681e-02
-4.580825962996202816e-01
-1.573061337998155895e-01
7.520994651042527124e-02
3.285836905127119123e-01
6.199423015346095661e-02
-1.067469813799616141e+00
0.000000000000000000e+00
-1.205668017197478459e-01
0.000000000000000000e+00
-1.084386749418907907e-03
2.740299042135169727e-01
0.000000000000000000e+00
0.000000000000000000e+00
0.000000000000000000e+00
2.014730147878160404e-02
-1.011933661274919405e-01
0.000000000000000000e+00
-1.278114080276701592e-01
1.300704248947389952e-01
-4.080566627980428823e-03
-4.552606795551234625e-02
-4.897915939759405618e-02
0.000000000000000000e+00
0.000000000000000000e+00
1.120740940745588166e-01
-2.388690515100633238e-01
-1.499893240862438248e-01
2.497087716074260777e-01
0.000000000000000000e+00
0.000000000000000000e+00
-2.764428050817639426e-01
7.454150177345834904e-02
-1.159382565183190578e-01
2.768305849293410947e-01
-3.275954743726242624e-01
-5.611321819077301765e-01
2.627531792721795600e-01
1.919855002194564009e-01
-5.001441541909443927e-02
0.000000000000000000e+00
-6.505622976970703020e-01
2.083428124401548731e-01
0.000000000000000000e+00
2.571286458741275927e-01
1.329633405069806096e-01
0.000000000000000000e+00
0.000000000000000000e+00
-2.923544769506134650e-02
-2.769892060760806851e-01
0.000000000000000000e+00
-4.576268746721592340e-01
-2.134342828229759126e-01
-1.569998314554332530e-01
1.600574490582902798e-01
-1.071567510717810479e-01
1.552786273265868988e-01
6.005330273675144048e-02
-6.493943819931243810e-01
4.782778986551185219e-02
-5.424795215887403058e-03
4.503489603862787655e-02
0.000000000000000000e+00
0.000000000000000000e+00
0.000000000000000000e+00
-1.316906804587847368e-01
-4.676527558366756765e-02
9.857757783592484280e-02
0.000000000000000000e+00
0.000000000000000000e+00
-4.480644704341788520e-01
-1.378817696236831480e-01
-1.550095992942810141e-01
2.363799071197018320e-01
-1.109413216785895689e-01
1.568265363556232139e-01
-2.124359814125790780e-01
-1.471941535894186193e-01
5.747235963763955638e-03
0.000000000000000000e+00
0.000000000000000000e+00
3.184721854963411536e-01
0.000000000000000000e+00
0.000000000000000000e+00
0.000000000000000000e+00
0.000000000000000000e+00
-3.772883234740192493e-01
2.948592509907424497e-01
8.344748572881219295e-02
0.000000000000000000e+00
0.000000000000000000e+00
4.845047454699134837e-02
1.692047110650756470e-01
0.000000000000000000e+00
-1.001245259628966155e-01
-2.817851414757139850e-01
-3.696177977421155614e-02
-3.332705237751904526e-01
-1.820060495114349253e-01
0.000000000000000000e+00
-3.380279041929600270e-01
-3.540586942079650135e-02
1.032949544750183662e-01
4.984328689715578076e-01
6.350638140811745540e-03
-3.062285909535181760e-01
-1.396069319285393046e-02
0.000000000000000000e+00
8.039523402351947401e-02
9.238723951442220916e-02
-1.692439182003800946e-01
1.578250242254077562e-01
-2.501284624403299905e-01
0.000000000000000000e+00
0.000000000000000000e+00
3.820827024178720110e-01
0.000000000000000000e+00
-2.792137488724534457e-03
1.063239985022276513e-01
-5.443683871409300823e-02
-3.862523683916306849e-01
-1.232996080513394828e-02
-4.495839801857792056e-02
6.726111056484501693e-02
-6.122593146589330737e-02
-2.656671877104726520e-01
-1.562811026620068156e-01
-5.341814909104696252e-01
-1.831640382928713395e-01
-6.490803513551961501e-01
5.562256295355501312e-02
0.000000000000000000e+00
-6.926750498470436723e-02
0.000000000000000000e+00
1.619311125593411171e-01
0.000000000000000000e+00
-7.867560844463598879e-02
-4.071414465330289167e-01
9.086057086404319971e-02
-3.033835853938482430e-01
-1.184352740710547386e-01
0.000000000000000000e+00
0.000000000000000000e+00
-2.189144983025928248e-01
-6.030643919366794892e-01
-7.462683783630753853e-02
-1.188064504828578727e-01
0.000000000000000000e+00
-1.114539976651057612e-01
1.393371798875845669e-01
0.000000000000000000e+00
-1.205422125485151735e-01
-1.221709496277378348e-01
0.000000000000000000e+00
5.087269085312333405e-02
-2.513659412478196353e-01
-6.181595250441471179e-02
-2.429852854784748106e-01
2.550626879753584708e-01
-2.258826695630212766e-01
0.000000000000000000e+00
2.753409488889156931e-01
0.000000000000000000e+00
0.000000000000000000e+00
1.718995192883023548e-01
0.000000000000000000e+00
-7.558129957993252324e-02
-3.638267424452464871e-01
-1.592649066802350258e-02
-2.565102982848730950e-01
0.000000000000000000e+00
1.231962075523084010e+00
-8.992002873133136953e-02
-2.345914791089428186e-01
-2.638101292451874857e-01
-1.856945705999769880e-01
0.000000000000000000e+00
-1.405580712705117863e-01
0.000000000000000000e+00
7.642969370593631906e-01
-1.202269504045472004e-01
6.703447990826864530e-03
0.000000000000000000e+00
1.070845540894945908e-01
0.000000000000000000e+00
-2.127477524917826268e-01
1.076498133772644666e-01
-4.850920920674034464e-01
-4.769911080987053187e-01
-1.103900546886537881e-01
0.000000000000000000e+00
0.000000000000000000e+00
-1.088387372945482127e-03
-1.449585238517197561e-01
-2.066483809133506377e-01
-3.101415708702416341e-01
0.000000000000000000e+00
2.680742956938273608e-02
-1.779481731841843495e-03
-2.833575846508983309e-01
-1.406315528567211870e-01
-3.593034797255634238e-01
-3.622660716298923278e-01
0.000000000000000000e+00
8.215238598395670222e-02
-2.014322350874492851e-01
-1.378592731904988156e-01
0.000000000000000000e+00
0.000000000000000000e+00
-1.871193188607907232e-01
0.000000000000000000e+00
-1.751407773504459198e-01
0.000000000000000000e+00
-5.666681135882539050e-02
0.000000000000000000e+00
0.000000000000000000e+00
0.000000000000000000e+00
0.000000000000000000e+00
0.000000000000000000e+00
-6.195447342802559709e-02
-2.914965158216574204e-01
4.230173857921422087e-01
-2.106205390088649321e-01
0.000000000000000000e+00
1.877905408811184340e-01
-2.846659528452662180e-02
-3.239454557643667854e-01
-4.675386429926186443e-02
0.000000000000000000e+00
0.000000000000000000e+00
0.000000000000000000e+00
-6.288674430154340966e-02
-3.497436470564363464e-01
-3.092455243476363580e-01
-2.568198120344877822e-01
2.717355220585444542e-01
-2.454670090723999054e-01
0.000000000000000000e+00
-3.235487699552666019e-01
-3.217115513633051482e-01
0.000000000000000000e+00
0.000000000000000000e+00
-2.757915714518697770e-01
-5.594157244925463957e-01
0.000000000000000000e+00
7.292724391728626354e-02
-3.523838855314474494e-01
-1.209572880425731876e-02
-1.567263874972143478e-01
0.000000000000000000e+00
0.000000000000000000e+00
-2.242729120380318186e-01
-5.074380226866069543e-02
-2.645219998190762034e-01
-1.490236887604422522e-01
-8.794061868326585873e-01
4.624858388852624569e-01
1.322467670654379687e-02
-2.261544667980309731e-01
2.345014738627396178e-01
-2.528381215508873070e-01
0.000000000000000000e+00
3.368558833548498249e-02
0.000000000000000000e+00
1.254689830837760478e-01
0.000000000000000000e+00
-4.346359544281466064e-02
-2.757882831575125260e-01
-1.840243081719100116e-01
-4.907350351031830038e-01
2.318319887315161906e-02
0.000000000000000000e+00
-1.994614142977720050e-01
1.510141812896960249e-02
-4.835023165709190773e-01
-4.465619259622588544e-02
-3.556762558482230996e-01
1.076766778696709864e-01
-3.781132590873154120e-01
-4.372625423449097437e-02
7.349572151492882177e-02
0.000000000000000000e+00
1.073564009255657536e-01
0.000000000000000000e+00
0.000000000000000000e+00
2.739630458843084759e-01
0.000000000000000000e+00
-7.489526365218908410e-02
-7.732051142289912693e-02
-2.196983524060400206e-01
5.868894137289624308e-02
1.188728835407530798e-01
0.000000000000000000e+00
-7.229253621284872922e-02
-2.311858194736039762e-02
6.221288001114672755e-02
1.706637216773617682e-01
0.000000000000000000e+00
6.750661042864948558e-02
-2.450299367307766374e-02
-9.295676338793507076e-02
-7.650817072451841783e-02
-1.504897587261569136e-01
0.000000000000000000e+00
-2.636672763534554931e-01
-1.691213596438345956e-01
0.000000000000000000e+00
4.043697787941777366e-02
0.000000000000000000e+00
-4.471303793170790936e-02
-1.152385975121376638e-01
-3.476488931753307643e-01
2.340977970801758623e-01
-2.619015761063383727e-02
-9.183914692638954491e-02
7.720116045908201330e-02
0.000000000000000000e+00
-4.001865264428945967e-01
0.000000000000000000e+00
1.316855554942280432e-02
-1.035324623860517206e-02
0.000000000000000000e+00
-1.112250668260885700e-01
-3.005310150137462943e-01
-3.251130825524940066e-02
0.000000000000000000e+00
0.000000000000000000e+00
7.908391560640148921e-02
-5.686519923647410657e-01
-4.439933216201086275e-01
-1.033757551257770413e-01
2.530819572234201953e-01
5.395476630508175275e-02
-2.312919067726746103e-01
-1.954262176977118043e-02
-1.128358268372206263e-01
0.000000000000000000e+00
0.000000000000000000e+00
-2.763929784426431557e-01
1.273118352529501174e-01
1.271186617712696254e-01
9.696057481797215605e-02
-5.335731797038834739e-02
-4.483547020533606986e-02
0.000000000000000000e+00
0.000000000000000000e+00
-1.200952596523393451e-02
-9.700149855571875424e-02
-2.295466677067591055e-01
-1.022576042159767939e-01
0.000000000000000000e+00
0.000000000000000000e+00
-5.072630464554178653e-02
-8.806553317842746864e-02
0.000000000000000000e+00
0.000000000000000000e+00
-1.122794998571526037e-01
0.000000000000000000e+00
0.000000000000000000e+00
-2.288715351411337584e-01
0.000000000000000000e+00
0.000000000000000000e+00
3.913708401205699405e-01
0.000000000000000000e+00
5.372499025469761741e-02
-7.795285518634210986e-02
1.793418063001336882e-01
9.158592820875353924e-02
-7.422497795370844309e-02
-7.023995000465108607e-01
0.000000000000000000e+00
-1.779631445929317213e-01
-5.244365236162135818e-02
3.905927175025682846e-02
-2.480012471015682340e-01
-2.049405106749516425e-01
-2.753459200602648704e-01
0.000000000000000000e+00
0.000000000000000000e+00
-3.938032792942717797e-01
0.000000000000000000e+00
0.000000000000000000e+00
-2.968453092553421935e-02
0.000000000000000000e+00
1.804374265258691101e-01
7.258585176469598173e-03
3.344006998719664669e-01
-5.039069707819111670e-03
0.000000000000000000e+00
0.000000000000000000e+00
-1.286507826009835320e-01
1.055349450867008043e-01
0.000000000000000000e+00
0.000000000000000000e+00
1.322070646536237411e-02
-5.558625637552532667e-02
-2.731218689797394392e-02
1.658999366584433255e-01
-1.651636776255421546e-01
1.149012248358840249e-01
-1.704737134507316454e-01
0.000000000000000000e+00
-2.118685311935484261e-01
-2.665999090263484472e-01
-8.411539104034441994e-02
0.000000000000000000e+00
0.000000000000000000e+00
0.000000000000000000e+00
0.000000000000000000e+00
7.673078400530586318e-02
0.000000000000000000e+00
-2.992528916294151520e-01
8.445849622639135523e-01
0.000000000000000000e+00
1.015457531042781025e-01
-1.120360331895800809e-01
0.000000000000000000e+00
-5.273881525981084506e-01
6.438268791629666796e-03
5.288298653806950966e-01
-4.233159669945345538e-01
0.000000000000000000e+00
1.008046913786692228e-01
0.000000000000000000e+00
-2.541563151878576399e-01
2.833729438393615130e-01
0.000000000000000000e+00
0.000000000000000000e+00
-3.371649761490596031e-01
-9.165303008293586295e-02
2.476070618628185560e-01
0.000000000000000000e+00
2.429293614238263177e-01
3.697801968255551297e-02
5.671711800610966525e-02
0.000000000000000000e+00
-1.617682284890609723e-01
-3.636428877867751291e-02
9.806970064948052068e-02
0.000000000000000000e+00
-2.362162226218467442e-01
0.000000000000000000e+00
0.000000000000000000e+00
3.959971591452075002e-01
0.000000000000000000e+00
0.000000000000000000e+00
-2.457783291773550094e-01
-6.162964649069927608e-02
-5.079218572639031259e-02
-1.198469138008193408e-01
2.530508260357329856e-02
-3.289425372235609824e-01
3.094780416153811858e-02
-7.734219671006197297e-03
5.785328315717847003e-02
-1.710357625430571349e-01
5.317541640707968975e-01
0.000000000000000000e+00
0.000000000000000000e+00
-9.320821828774072948e-02
-4.259971792872024876e-02
-4.081150861570585070e-02
-3.052228508068084434e-01
0.000000000000000000e+00
-4.894037270583338484e-01
-4.985549992510699413e-01
0.000000000000000000e+00
-1.211883416971882427e-01
-5.954748463124729385e-01
-2.616259418238993106e-01
0.000000000000000000e+00
0.000000000000000000e+00
-2.500233812225919339e-01
-1.294949963101062751e-01
0.000000000000000000e+00
0.000000000000000000e+00
-1.026077474897860164e-01
0.000000000000000000e+00
0.000000000000000000e+00
0.000000000000000000e+00
-5.216581717409632390e-02
1.789582774425405032e-02
0.000000000000000000e+00
0.000000000000000000e+00
-1.908470191903888780e-01
2.224048276569320567e-02
0.000000000000000000e+00
9.633807048563045039e-02
6.527531744443693107e-01
1.124778220848537957e+00
1.904373945021718417e-01
1.376933273889671405e-01
-1.128991903933481838e-01
-2.791000001282341603e-01
0.000000000000000000e+00
0.000000000000000000e+00
4.612492126040747958e-02
0.000000000000000000e+00
0.000000000000000000e+00
0.000000000000000000e+00
0.000000000000000000e+00
0.000000000000000000e+00
-1.880935343118397551e-01
7.931960635314139890e-03
0.000000000000000000e+00
0.000000000000000000e+00
-4.595976117296707297e-01
5.171461620541391996e-02
0.000000000000000000e+00
0.000000000000000000e+00
0.000000000000000000e+00
-6.039537246174609547e-02
1.380026323797436776e-02
-3.194987506117256126e-01
0.000000000000000000e+00
-4.937256942008850791e-01
0.000000000000000000e+00
0.000000000000000000e+00
0.000000000000000000e+00
1.387554995686731685e-01
-5.037023759891121055e-02
0.000000000000000000e+00
0.000000000000000000e+00
-7.002372380565563548e-02
0.000000000000000000e+00
-3.706220142220772139e-03
0.000000000000000000e+00
0.000000000000000000e+00
3.649156194082114890e-02
6.306327964534619301e-02
0.000000000000000000e+00
7.371315915119073248e-01
1.024879291401723513e-01
-5.511898688423775283e-01
0.000000000000000000e+00
1.252666287606274131e-01
1.063586576628789832e-01
1.223652338202581707e-01
7.681443909391393321e-01
-9.634970876015915009e-02
0.000000000000000000e+00
-2.884693135097694539e-01
-1.259897988710261540e-01
-1.147360461264014531e-01
0.000000000000000000e+00
-1.307992718577341215e-02
-3.174052663415311004e-02
-3.336269360855648181e-01
1.483777321183080700e-01
0.000000000000000000e+00
0.000000000000000000e+00
1.351784813478942859e-01
-1.087570620762937229e-01
0.000000000000000000e+00
4.022773032902112189e-01
-4.618521981159346979e-01
0.000000000000000000e+00
1.183160071740896879e-01
-3.430243619813111433e-02
9.619712983271890006e-03
0.000000000000000000e+00
0.000000000000000000e+00
-1.135896739914118575e-01
-2.213734919733941764e-01
-5.276482730530588361e-01
-2.689933881141098326e-01
-1.608571615364947360e-01
0.000000000000000000e+00
0.000000000000000000e+00
-1.441610304420049282e-01
0.000000000000000000e+00
2.853730634049537196e-01
4.064639966894039586e-02
-6.782041356530960075e-02
-1.495209542576020900e-01
-2.441339175710033615e-01
-1.891155880652842791e-01
0.000000000000000000e+00
8.149326835244799505e-02
9.862981934360685876e-02
0.000000000000000000e+00
0.000000000000000000e+00
0.000000000000000000e+00
-1.682848200061196065e-01
0.000000000000000000e+00
-4.104386191143205576e-02
1.819584868553428825e-01
-2.924934852984059641e-01
0.000000000000000000e+00
6.060793547782931945e-02
0.000000000000000000e+00
-1.096262418611159833e-01
0.000000000000000000e+00
-1.409704884796862956e-01
-1.739337212350804962e-01
1.368208530733804051e-02
-1.793368918354595887e-01
0.000000000000000000e+00
0.000000000000000000e+00
2.226611233821768066e-01
-3.223287927287611654e-02
1.318244006570622184e-01
-1.663340862000205478e-01
1.709006689682171232e-01
-2.125403294249974540e-01
-5.892334254154091289e-02
5.627903170884265144e-03
2.244454200001972863e-02
-7.210719644899379333e-01
1.215965641838169936e-01
5.111332170179280071e-02
0.000000000000000000e+00
0.000000000000000000e+00
-1.192257802972727654e-01
1.171303916350550922e-01
3.349024216880485127e-01
0.000000000000000000e+00
4.528271327283206471e-02
4.209074976050578704e-02
0.000000000000000000e+00
6.600276008224707780e-02
-9.580193796699639774e-01
9.394758604680845948e-02
0.000000000000000000e+00
1.411204802613221787e-01
-2.618583312122658713e-01
6.783472290565424612e-02
-1.617653238886138378e-01
2.968324487723433824e-01
3.653187350109908249e-01
0.000000000000000000e+00
0.000000000000000000e+00
-1.328623993259804847e-01
2.733299008265789309e-01
-1.600261104254772082e-01
0.000000000000000000e+00
-3.663447026536077455e-01
1.068599504748950352e-01
6.108878209604393650e-01
2.737267832967546152e-02
6.625547290243176402e-02
-6.054613646448906428e-01
-1.960757463178275650e-01
-2.214339805117388621e-02
0.000000000000000000e+00
-9.075514134721367546e-03
0.000000000000000000e+00
0.000000000000000000e+00
7.831514615956364223e-02
-9.243219744103962909e-03
0.000000000000000000e+00
-2.038141474152564414e-01
1.314057064991406287e-01
0.000000000000000000e+00
0.000000000000000000e+00
0.000000000000000000e+00
2.733145356459996123e-01
1.026464034343912007e-01
1.180757038651256974e-01
-1.114853590747420797e-01
0.000000000000000000e+00
1.457354697464533222e-01
0.000000000000000000e+00
-4.038345620890609888e-02
6.379106166075933226e-03
0.000000000000000000e+00
1.317843920764046883e-01
1.607235757470101556e-01
-2.630713665828230963e-01
5.788369506329101855e-01
0.000000000000000000e+00
0.000000000000000000e+00
0.000000000000000000e+00
0.000000000000000000e+00
0.000000000000000000e+00
1.773743325792240810e-01
0.000000000000000000e+00
-2.452940843003568461e-01
1.994074651988971825e-01
0.000000000000000000e+00
0.000000000000000000e+00
0.000000000000000000e+00
-2.082713443137632070e-01
-2.865741193495758843e-01
4.397613949396593780e-01
-8.036520092298078677e-02
-9.834258392554243167e-02
7.790890372171803760e-03
1.265688771178814731e+00
0.000000000000000000e+00
7.734756008648227543e-02
-7.005160296660939423e-02
-6.945563723710400372e-02
0.000000000000000000e+00
0.000000000000000000e+00
0.000000000000000000e+00
0.000000000000000000e+00
0.000000000000000000e+00
0.000000000000000000e+00
-2.111673154881710257e-01
0.000000000000000000e+00
6.389960249095924527e-02
-8.057137110328524421e-02
0.000000000000000000e+00
0.000000000000000000e+00
0.000000000000000000e+00
2.261035304886081510e-01
0.000000000000000000e+00
0.000000000000000000e+00
0.000000000000000000e+00
0.000000000000000000e+00
-1.165890693749887103e-01
0.000000000000000000e+00
-2.895001069052577924e-01
0.000000000000000000e+00
-1.212749573387511270e-01
-7.311941373438097802e-01
-2.230053326498296351e-01
-2.952910817985835434e-01
-1.611011225121916357e-01
0.000000000000000000e+00
0.000000000000000000e+00
0.000000000000000000e+00
-1.716328196468576428e-01
1.051985272091324024e-02
0.000000000000000000e+00
-5.586034955641183686e-02
-2.922041794000990178e-03
0.000000000000000000e+00
4.206507306522732637e-01
0.000000000000000000e+00
0.000000000000000000e+00
-2.032255108514716690e-01
-3.600618518501744192e-01
-2.228164544388464355e-02
-1.973829862123954448e-01
-2.508779823566573142e-02
0.000000000000000000e+00
0.000000000000000000e+00
0.000000000000000000e+00
0.000000000000000000e+00
0.000000000000000000e+00
0.000000000000000000e+00
1.844713152576833715e-02
0.000000000000000000e+00
4.212734462305128824e-01
0.000000000000000000e+00
0.000000000000000000e+00
-5.622450783166467458e-02
0.000000000000000000e+00
4.337261929243922398e-01
-6.675430555271946731e-02
0.000000000000000000e+00
3.736660713856739813e-01
0.000000000000000000e+00
-1.226436351033321701e-02
-6.629348175035096324e-02
0.000000000000000000e+00
1.515676496917050808e-01
-3.619087286401013182e-01
2.166233726447024666e-01
-2.708545441385191155e-01
0.000000000000000000e+00
4.435144965930070543e-02
1.934314007837733274e-01
-4.799058963800351130e-02
-1.061435828802995557e-01
-2.038118888443244958e-01
-1.135736702843141710e-01
-4.023880897842110893e-01
0.000000000000000000e+00
0.000000000000000000e+00
1.213132354023383624e-01
-4.306781249609150097e-01
0.000000000000000000e+00
-7.469160894418552799e-02
2.177015294985860105e-01
-1.874821864588664122e-01
0.000000000000000000e+00
-2.643386488872432327e-01
9.709971722225943513e-02
-1.462108856308943772e-01
0.000000000000000000e+00
-8.989751348770734507e-02
0.000000000000000000e+00
0.000000000000000000e+00
-2.020447121832615600e-01
0.000000000000000000e+00
0.000000000000000000e+00
-7.259961927204731935e-02
-1.723511129845633205e-01
-5.339503562347481802e-01
2.889594877921373706e-01
0.000000000000000000e+00
0.000000000000000000e+00
-5.467597062154000084e-03
-2.555382588915171005e-01
3.963121283071908141e-01
-6.035611049390212646e-01
8.160267830566012015e-02
0.000000000000000000e+00
0.000000000000000000e+00
0.000000000000000000e+00
-5.827147343953384406e-02
0.000000000000000000e+00
0.000000000000000000e+00
0.000000000000000000e+00
0.000000000000000000e+00
2.882403522636101667e-01
0.000000000000000000e+00
0.000000000000000000e+00
0.000000000000000000e+00
6.099049244663057312e-01
-1.714185553177186294e-01
2.050127873053787242e-01
-9.286884037185873242e-02
1.273539873240107367e-01
0.000000000000000000e+00
-5.816881866102969756e-01
-1.187102381322120148e-01
-2.965185934870734341e-01
-1.225821897220582268e-01
3.316655082983065439e-01
0.000000000000000000e+00
1.688021868625394217e-01
0.000000000000000000e+00
0.000000000000000000e+00
-2.093930086079570652e-01
-1.322589247887502040e-01
3.298086579893271808e-01
2.225116476852515568e-01
0.000000000000000000e+00
-5.620567306091402843e-02
1.154614421223766202e-01
0.000000000000000000e+00
7.139751577634365631e-01
0.000000000000000000e+00
-4.291201549323709341e-01
0.000000000000000000e+00
0.000000000000000000e+00
-2.168483631840454479e-02
-1.075610851477215926e-02
1.007643600482272639e+00
-5.993677481902174621e-03
1.240516368816032694e-01
1.811657211752735475e-01
5.014510091061961938e-02
1.242399424139484093e-01
0.000000000000000000e+00
-2.657459363032573241e-01
0.000000000000000000e+00
2.674934401925960770e-01
0.000000000000000000e+00
-2.499789604900471141e-01
-2.077773115272749382e-01
0.000000000000000000e+00
0.000000000000000000e+00
-4.397141175164731575e-01
-5.180628126820021467e-02
-6.872339020206085225e-01
0.000000000000000000e+00
-1.121377428980101058e-02
0.000000000000000000e+00
-9.011255953315751299e-02
0.000000000000000000e+00
0.000000000000000000e+00
0.000000000000000000e+00
0.000000000000000000e+00
-6.726552896960849570e-02
-1.510893584983620253e-01
4.835800780107458730e-01
-4.059889090323122451e-02
-4.319496100395459059e-01
0.000000000000000000e+00
0.000000000000000000e+00
0.000000000000000000e+00
3.166211696950793630e-01
-1.838380201967238295e-02
3.301938416291633205e-02
-5.321461635613646685e-02
0.000000000000000000e+00
-1.770626920040094532e-01
-2.461124879248880737e-01
-2.983208548368472823e-01
1.202247477400398556e-01
-2.881139727556491503e-01
0.000000000000000000e+00
-1.862191567222420407e-01
4.104473865071694982e-01
7.055963022910029248e-02
1.098093353384722859e-01
-4.772864023442701664e-01
-2.404714437684141171e-01
0.000000000000000000e+00
-3.074444594421665289e-01
0.000000000000000000e+00
5.809455766075476146e-02
0.000000000000000000e+00
0.000000000000000000e+00
-1.808450535610497678e-01
1.915820574799964940e-02
-1.348346361247386160e-01
0.000000000000000000e+00
-6.929882699117988487e-01
-1.089337267674312243e-01
0.000000000000000000e+00
0.000000000000000000e+00
0.000000000000000000e+00
-7.389735126145551281e-01
-4.908835448556571612e-01
0.000000000000000000e+00
0.000000000000000000e+00
0.000000000000000000e+00
-6.960728070457561367e-02
-6.324047834062712647e-02
-2.527973383492130785e-02
0.000000000000000000e+00
0.000000000000000000e+00
0.000000000000000000e+00
1.987455163163864558e-01
0.000000000000000000e+00
0.000000000000000000e+00
0.000000000000000000e+00
1.252983932451567639e-01
-1.144397873595909554e-01
-1.166897155469837355e-01
6.863670984539184117e-01
6.663301011031876886e-01
3.364182681020368160e-02
0.000000000000000000e+00
-1.614783437444622383e-01
0.000000000000000000e+00
0.000000000000000000e+00
-2.363745047012238976e-01
0.000000000000000000e+00
-1.350226276316185692e-01
-3.616151223303107343e-02
-1.854629303107074301e-01
-4.944475374427580450e-01
0.000000000000000000e+00
1.970878848602047595e-01
0.000000000000000000e+00
0.000000000000000000e+00
1.377198928515116494e-01
3.434068150119404250e-01
-1.958644138751280406e-01
0.000000000000000000e+00
0.000000000000000000e+00
-2.292358551762666841e-01
-1.886045598962741987e-01
-4.686221110189391359e-01
0.000000000000000000e+00
0.000000000000000000e+00
0.000000000000000000e+00
-2.083662149225373184e-01
-3.500086333344759604e-01
0.000000000000000000e+00
-5.084010777026661682e-02
0.000000000000000000e+00
-9.874536768603310311e-01
0.000000000000000000e+00
9.854844195717216149e-02
0.000000000000000000e+00
-9.502487863211389607e-02
-3.048315542840949743e-01
1.621116370070077028e-01
4.005685425782576914e-01
0.000000000000000000e+00
0.000000000000000000e+00
-1.083859382061954785e-01
-6.844059876868821557e-02
-2.345609199476866580e-01
0.000000000000000000e+00
-2.742344615431652199e-02
-1.588484771997942246e-01
-1.842310481028706093e-01
0.000000000000000000e+00
-1.580852446231425512e-01
0.000000000000000000e+00
-3.933384710754138647e-01
0.000000000000000000e+00
5.668320020450853119e-02
0.000000000000000000e+00
0.000000000000000000e+00
3.562414944809885187e-01
0.000000000000000000e+00
1.598736572940249179e-01
-2.911283435617195367e-02
-1.993879189641126204e-01
-1.443251336186644473e-01
0.000000000000000000e+00
1.951458294653344583e-01
0.000000000000000000e+00
0.000000000000000000e+00
4.035418197374205512e-02
-1.999292642954755561e-01
-1.190373967032400948e-01
-7.141153643836923859e-01
-2.037846120630397440e-01
0.000000000000000000e+00
2.253565359568692611e-02
2.730844846145533134e-01
0.000000000000000000e+00
0.000000000000000000e+00
0.000000000000000000e+00
2.171322588829615319e-01
0.000000000000000000e+00
-4.663205609080603442e-01
0.000000000000000000e+00
0.000000000000000000e+00
-3.529127981869733532e-01
0.000000000000000000e+00
-7.471626733561864686e-02
-2.284959049795146913e-01
0.000000000000000000e+00
1.909154013624084212e-01
0.000000000000000000e+00
0.000000000000000000e+00
-4.969361040593397449e-01
7.653078860055194388e-02
0.000000000000000000e+00
0.000000000000000000e+00
-2.387196284995024911e-02
0.000000000000000000e+00
0.000000000000000000e+00
0.000000000000000000e+00
0.000000000000000000e+00
0.000000000000000000e+00
-1.082418948895363942e-01
0.000000000000000000e+00
2.024541666656193839e-01
4.393421635918134255e-02
-3.476344482928643287e-01
5.002490068128564449e-01
0.000000000000000000e+00
0.000000000000000000e+00
0.000000000000000000e+00
-3.637584030755153242e-01
-2.797129581504690377e-01
0.000000000000000000e+00
-4.416017292076290235e-01
-5.531750674302902265e-02
-5.435751638488044435e-01
0.000000000000000000e+00
1.878667781873624362e-02
0.000000000000000000e+00
0.000000000000000000e+00
-9.989979281012872914e-02
1.035987261792923469e-01
0.000000000000000000e+00
-1.297517831674693256e-01
0.000000000000000000e+00
1.192300151197260155e-01
0.000000000000000000e+00
-1.191211533136599804e-01
-3.437938304802525269e-01
-2.362317836533164850e-01
-3.655711212767313589e-01
1.471670467973597851e-01
0.000000000000000000e+00
0.000000000000000000e+00
0.000000000000000000e+00
-3.153279649776716820e-01
0.000000000000000000e+00
0.000000000000000000e+00
0.000000000000000000e+00
5.134668138718220115e-02
-1.747660496458811052e-02
2.363048289039605399e-01
0.000000000000000000e+00
7.727912305863882114e-02
0.000000000000000000e+00
-1.231659233770810713e-01
0.000000000000000000e+00
-3.156139804405393989e-01
-2.124043426520796363e-01
0.000000000000000000e+00
-1.774691355000204696e-01
0.000000000000000000e+00
-2.555871542132143737e-01
0.000000000000000000e+00
0.000000000000000000e+00
-4.142347146277552405e-01
3.064532803250750725e-01
0.000000000000000000e+00
-1.599656841186740119e-01
3.452345149911399957e-01
0.000000000000000000e+00
-1.596049948824903308e-01
0.000000000000000000e+00
0.000000000000000000e+00
0.000000000000000000e+00
-2.038585234810537661e-01
5.919370170673600440e-02
0.000000000000000000e+00
0.000000000000000000e+00
-3.149912779886216568e-02
-3.345291686468904180e-01
0.000000000000000000e+00
-2.143113962600621536e-01
-1.803249575761855794e-01
3.215883537972182710e-02
0.000000000000000000e+00
1.399737641652581688e-01
-8.186070803447289754e-03
-4.841071076491288427e-01
0.000000000000000000e+00
1.296666979489684846e-01
-9.812848334834974734e-03
-3.999951980961183318e-01
-8.199439098417385385e-02
1.572151121866736945e-01
0.000000000000000000e+00
4.117012726003533296e-01
0.000000000000000000e+00
-3.763188717936962191e-01
-2.040696440445444876e-02
-1.555699078362759134e-02
0.000000000000000000e+00
0.000000000000000000e+00
0.000000000000000000e+00
0.000000000000000000e+00
-4.117926136207594734e-01
0.000000000000000000e+00
0.000000000000000000e+00
-2.095721520643346603e-01
2.410407729729936721e-01
-4.418059883650904407e-01
0.000000000000000000e+00
0.000000000000000000e+00
4.133799734976156826e-01
0.000000000000000000e+00
-8.681427516050686799e-02
-1.889651665487973933e-02
-3.412778184682164206e-01
-6.419277965748874937e-02
-7.010800362144997688e-01
0.000000000000000000e+00
0.000000000000000000e+00
-4.012774859693625518e-02
0.000000000000000000e+00
-3.594869487026031152e-02
0.000000000000000000e+00
1.940072396104266517e-01
5.288107758467065767e-02
0.000000000000000000e+00
1.881269220782874951e+00
0.000000000000000000e+00
-6.646702645984295388e-02
-7.604141331934063386e-01
0.000000000000000000e+00
-7.836211910090544741e-01
1.309719200847466458e-01
0.000000000000000000e+00
1.490769304447735699e+00
0.000000000000000000e+00
1.900334522887510424e-01
0.000000000000000000e+00
0.000000000000000000e+00
0.000000000000000000e+00
1.922007211713118099e-02
-5.000860333660480661e-01
0.000000000000000000e+00
7.159390411160921897e-01
0.000000000000000000e+00
0.000000000000000000e+00
-1.456247843051068636e-01
0.000000000000000000e+00
-4.053468946716627663e-02
0.000000000000000000e+00
0.000000000000000000e+00
-6.759402461109983440e-01
0.000000000000000000e+00
-1.980279986749605703e-01
0.000000000000000000e+00
0.000000000000000000e+00
1.175450928488518398e-01
0.000000000000000000e+00
0.000000000000000000e+00
0.000000000000000000e+00
-3.927553666433249435e-01
1.640998139845594173e-01
-2.841338543659547855e-01
-4.699219665322497130e-01
6.455624734211283522e-02
1.680794878837137407e-01
0.000000000000000000e+00
4.633181447460909541e-01
-9.323852222682331436e-02
1.108448419846780157e-02
-5.857654236403847525e-01
0.000000000000000000e+00
0.000000000000000000e+00
-1.204835508724228510e-01
-1.320848655226399271e-01
1.094834345894016181e+00
0.000000000000000000e+00
0.000000000000000000e+00
0.000000000000000000e+00
0.000000000000000000e+00
0.000000000000000000e+00
0.000000000000000000e+00
6.880239078078007053e-02
-3.021888512911343749e-01
0.000000000000000000e+00
0.000000000000000000e+00
6.480513669737670845e-01
-1.178342311437716589e-01
-2.669731521639770455e-01
-3.021130260628013611e-02
0.000000000000000000e+00
6.658411851414021421e-02
0.000000000000000000e+00
-2.132545230320580520e-01
0.000000000000000000e+00
0.000000000000000000e+00
3.824262388234672683e-02
-8.176596244633291266e-02
0.000000000000000000e+00
-1.721477599028984617e-01
-1.963541743637060577e-01
1.566004878811884937e-01
0.000000000000000000e+00
0.000000000000000000e+00
0.000000000000000000e+00
1.567463378103200466e-01
0.000000000000000000e+00
0.000000000000000000e+00
-3.559172163478751538e-01
-5.599865863866517746e-01
0.000000000000000000e+00
-1.882892391479426275e-01
0.000000000000000000e+00
0.000000000000000000e+00
0.000000000000000000e+00
0.000000000000000000e+00
0.000000000000000000e+00
-2.461698950119829976e-01
3.590089788284410166e-01
0.000000000000000000e+00
0.000000000000000000e+00
-2.536081188834840017e-01
8.881450217952793552e-04
1.046867768261614262e-01
-1.108338408023142874e-01
2.948248659861322230e-01
1.597619795917783470e-01
0.000000000000000000e+00
-9.135586869521863940e-02
0.000000000000000000e+00
-5.908962398936805360e-02
2.515030636350580329e-01
0.000000000000000000e+00
-1.855117032296809895e-02
2.196240418933860516e-01
0.000000000000000000e+00
-3.351527571208980094e-02
-8.529201497555227718e-02
6.009516643083337439e-02
3.265036057449112739e-01
-5.617128711752883419e-02
0.000000000000000000e+00
-2.974656760447023096e-01
3.166395377241231213e-01
0.000000000000000000e+00
1.081059820273888999e-01
0.000000000000000000e+00
0.000000000000000000e+00
0.000000000000000000e+00
9.195632529138797473e-02
-1.292131255986479932e+00
0.000000000000000000e+00
-1.074546327027955522e-01
2.035749765915714771e-01
0.000000000000000000e+00
-5.455665708923859158e-01
4.367758754663463028e-02
9.882188772927537335e-02
4.152135251586156622e-02
0.000000000000000000e+00
0.000000000000000000e+00
-1.059733189205104065e+00
0.000000000000000000e+00
-3.515626031093413862e-03
1.760744924654611410e-01
0.000000000000000000e+00
0.000000000000000000e+00
9.289558798670984052e-02
-1.549853805246830807e-01
2.553655545509620484e-01
2.140863984208060955e-01
0.000000000000000000e+00
7.499438108083111842e-01
0.000000000000000000e+00
-4.551681980901653990e-01
-2.485641353302136744e-02
5.593416157637057795e-01
1.899321688420580190e-01
1.295557362154927672e-01
-2.091120306205771773e-01
0.000000000000000000e+00
-3.669381756959314567e-01
2.234430026354113641e-01
0.000000000000000000e+00
0.000000000000000000e+00
-3.376291191225507249e-01
0.000000000000000000e+00
0.000000000000000000e+00
-1.641143409157035660e-01
0.000000000000000000e+00
0.000000000000000000e+00
0.000000000000000000e+00
0.000000000000000000e+00
-2.608585715531868132e-01
0.000000000000000000e+00
1.094636447868299473e-01
-2.103055642027795713e-02
0.000000000000000000e+00
0.000000000000000000e+00
2.749016806767478824e-02
0.000000000000000000e+00
1.848622279454534556e-01
-4.523729470229981287e-02
1.642904980148672811e-01
0.000000000000000000e+00
0.000000000000000000e+00
-3.202060181805961858e-01
1.396271312949513010e-01
1.121258437314800599e-01
0.000000000000000000e+00
1.410597682954134735e-01
2.331184182636315549e-01
-8.008042577150702168e-02
0.000000000000000000e+00
-3.963588830292161802e-01
-2.492539746909125664e-01
-3.494906216337360094e-01
0.000000000000000000e+00
4.267022380240370616e-01
-4.328035828133580676e-02
3.885581017296427242e-01
-5.971471195690275513e-01
0.000000000000000000e+00
-1.562382065976831158e-01
4.801013454557753746e-01
0.000000000000000000e+00
5.180384446535043486e-01
1.258008877343913812e-01
0.000000000000000000e+00
-8.659492219858169193e-01
-1.991286368594651912e-01
0.000000000000000000e+00
-3.331646933370159547e-02
0.000000000000000000e+00
-6.366850517623449945e-02
-2.506574807140834471e-01
1.392908342573054015e-01
-4.400893091118737721e-01
5.679693126445217038e-02
0.000000000000000000e+00
-1.275721302936072554e+00
0.000000000000000000e+00
-1.038601528748797215e-01
-4.395959251325498585e-01
-1.686597172634666242e-01
2.680249475776526613e-01
-1.758727838874719548e-02
0.000000000000000000e+00
7.246404723845696338e-01
-2.558153217544170133e-01
3.189801026236250836e-01
-8.828303915717264361e-02
0.000000000000000000e+00
0.000000000000000000e+00
0.000000000000000000e+00
0.000000000000000000e+00
0.000000000000000000e+00
0.000000000000000000e+00
0.000000000000000000e+00
0.000000000000000000e+00
4.648023564915615968e-01
0.000000000000000000e+00
-1.708677604823504448e-01
-1.373210572108370109e-01
-5.136685384053830614e-03
0.000000000000000000e+00
0.000000000000000000e+00
0.000000000000000000e+00
0.000000000000000000e+00
-1.217533095174011537e-01
0.000000000000000000e+00
2.758418885674279175e-01
-1.163580811802366055e-01
-1.604996627644166285e-01
1.870273349786967521e-01
3.673361916375580266e-02
0.000000000000000000e+00
1.429375643482222180e-01
-6.806805163915424783e-02
0.000000000000000000e+00
0.000000000000000000e+00
-1.815606467269597069e-01
0.000000000000000000e+00
0.000000000000000000e+00
0.000000000000000000e+00
-1.419243995108006584e-01
6.623209413070191287e-02
-3.824342647918542726e-01
0.000000000000000000e+00
1.621173272726665338e-01
0.000000000000000000e+00
0.000000000000000000e+00
-3.200967486790320254e-02
8.754529919832053364e-02
1.155419326133577229e+00
-9.122640939897010137e-02
7.824542034054932094e-02
2.084490236962413534e-01
0.000000000000000000e+00
0.000000000000000000e+00
0.000000000000000000e+00
0.000000000000000000e+00
0.000000000000000000e+00
-4.904243566183618536e-02
-1.030030216747104266e-01
0.000000000000000000e+00
-7.493683015515444946e-03
0.000000000000000000e+00
-1.608120883937409207e-01
0.000000000000000000e+00
-2.109371803053393668e-01
0.000000000000000000e+00
2.377477063393158840e-01
-1.687096756829814248e-01
0.000000000000000000e+00
-3.267082970872134950e-01
-4.896250186266428717e-01
3.318578824919627412e-01
0.000000000000000000e+00
0.000000000000000000e+00
0.000000000000000000e+00
0.000000000000000000e+00
3.846790414676143355e-01
0.000000000000000000e+00
4.631128205042294166e-01
7.673844456099065958e-02
0.000000000000000000e+00
0.000000000000000000e+00
2.352527276322640692e-01
0.000000000000000000e+00
0.000000000000000000e+00
-5.766251302485125851e-02
0.000000000000000000e+00
-2.162797602753630255e-01
1.483556751473405488e-01
-2.108977775545635772e-02
-3.034598705586750156e-01
0.000000000000000000e+00
0.000000000000000000e+00
0.000000000000000000e+00
0.000000000000000000e+00
0.000000000000000000e+00
9.454789187973562659e-02
8.344415205456134910e-02
0.000000000000000000e+00
1.093882404300363237e-01
1.017478867443213586e+00
0.000000000000000000e+00
0.000000000000000000e+00
0.000000000000000000e+00
-7.278719417937532521e-01
0.000000000000000000e+00
-1.936979405978944135e-01
0.000000000000000000e+00
-7.057110435937151427e-02
3.506020904080056622e-01
1.969724325140578824e-01
0.000000000000000000e+00
-1.225677192905619689e-01
0.000000000000000000e+00
0.000000000000000000e+00
-1.246729064701228989e-01
1.510531500634224866e-01
4.852315694185375672e-01
-2.697235666098182078e-02
5.234306301557360985e-01
0.000000000000000000e+00
0.000000000000000000e+00
-1.888684473514905537e-01
2.439877627514022707e-01
-3.194240080395734926e-01
4.992145882329858397e-02
-1.686844059659921846e-01
0.000000000000000000e+00
0.000000000000000000e+00
0.000000000000000000e+00
-6.994028576143609954e-02
0.000000000000000000e+00
0.000000000000000000e+00
0.000000000000000000e+00
2.980132964283407904e-01
-1.165552168185640530e-01
2.957173778787772211e-01
-1.146042990930598859e-01
-3.471926827770178137e-01
1.890257335733051269e-01
7.654687406281095174e-02
0.000000000000000000e+00
-1.809996881476340913e-01
0.000000000000000000e+00
-3.968080088534899769e-02
0.000000000000000000e+00
0.000000000000000000e+00
-5.667133083982253128e-01
2.835370944946890015e-01
0.000000000000000000e+00
1.037540171293576119e-01
0.000000000000000000e+00
0.000000000000000000e+00
0.000000000000000000e+00
-3.158735082105044306e-03
-8.307245120427267371e-02
-1.441482118049538519e-01
0.000000000000000000e+00
-2.723288929286648008e-01
0.000000000000000000e+00
0.000000000000000000e+00
6.384377175202799425e-03
0.000000000000000000e+00
5.142257356222976195e-02
-5.571983756202417704e-01
-1.294501877926155786e-01
1.378544537787486368e-01
0.000000000000000000e+00
0.000000000000000000e+00
0.000000000000000000e+00
0.000000000000000000e+00
2.495148129852903587e-03
0.000000000000000000e+00
-3.451036539661623270e-01
-4.653030726616615154e-02
0.000000000000000000e+00
0.000000000000000000e+00
4.588823347035634881e-01
-4.422930943074427912e-01
5.551357744334306510e-01
-2.431587575182056482e-01
0.000000000000000000e+00
-6.122754349598569235e-01
-9.478155536186652630e-03
0.000000000000000000e+00
0.000000000000000000e+00
0.000000000000000000e+00
7.830831161858177458e-02
0.000000000000000000e+00
2.402609348574129000e-01
2.136284491187431522e-01
0.000000000000000000e+00
-4.440652061237744530e-02
0.000000000000000000e+00
1.968604860558614833e-01
4.020834279918041876e-01
-2.590765214573985120e-01
0.000000000000000000e+00
-2.444129995326047300e-01
0.000000000000000000e+00
0.000000000000000000e+00
0.000000000000000000e+00
0.000000000000000000e+00
4.078049129702263076e-01
0.000000000000000000e+00
0.000000000000000000e+00
0.000000000000000000e+00
0.000000000000000000e+00
0.000000000000000000e+00
-1.033648465852051584e-01
-1.747323470402304402e-01
0.000000000000000000e+00
0.000000000000000000e+00
-1.080373236839495682e-02
-1.169116110515778240e-01
0.000000000000000000e+00
0.000000000000000000e+00
-4.809896008403938272e-02
-4.677467763710637660e-01
0.000000000000000000e+00
0.000000000000000000e+00
-1.665070018089229512e-02
0.000000000000000000e+00
0.000000000000000000e+00
-5.278881194974933272e-02
0.000000000000000000e+00
0.000000000000000000e+00
0.000000000000000000e+00
0.000000000000000000e+00
-2.350531592950112214e-01
0.000000000000000000e+00
-4.368945574081831151e-01
1.724301578276133118e-01
-1.052151568360775030e-01
0.000000000000000000e+00
0.000000000000000000e+00
-8.373119149608350409e-02
6.689242619129841250e-02
0.000000000000000000e+00
-8.310324862176152183e-02
0.000000000000000000e+00
0.000000000000000000e+00
-3.956048553557028336e-01
-2.011546240798016763e-02
-2.443702012954465097e-01
0.000000000000000000e+00
0.000000000000000000e+00
0.000000000000000000e+00
-2.134662848436161275e-01
-3.207269950381118617e-01
0.000000000000000000e+00
-5.879034573935811858e-01
0.000000000000000000e+00
0.000000000000000000e+00
0.000000000000000000e+00
-3.912257669463198306e-01
0.000000000000000000e+00
-1.732348629679399676e-01
1.091802243553060409e-01
0.000000000000000000e+00
0.000000000000000000e+00
-1.624573575932464209e-01
-4.985131651721828872e-02
-1.452048537299880648e-01
0.000000000000000000e+00
-3.741864807162338935e-01
0.000000000000000000e+00
0.000000000000000000e+00
-2.754040522792006729e-01
-7.992609739600700647e-02
7.889812777523719234e-01
0.000000000000000000e+00
0.000000000000000000e+00
-3.494542375277923663e-01
-1.808870730214313660e-01
-6.034288487402508089e-02
-3.300720091981995119e-01
0.000000000000000000e+00
2.242923317310374365e-01
2.571184427609799483e-01
0.000000000000000000e+00
-5.745075001165540485e-01
0.000000000000000000e+00
-7.957605648256298875e-03
2.654835807850993712e-01
1.096347255462862963e-01
0.000000000000000000e+00
0.000000000000000000e+00
0.000000000000000000e+00
0.000000000000000000e+00
-1.870755830756838378e-01
0.000000000000000000e+00
3.554972164683492530e-01
8.855107184291519662e-01
0.000000000000000000e+00
-7.962455197344880898e-04
0.000000000000000000e+00
0.000000000000000000e+00
-6.839923515240959873e-01
-6.582629987080980405e-02
1.139320757304403825e-01
2.245663649625654068e-01
-4.244189694637647697e-02
0.000000000000000000e+00
0.000000000000000000e+00
0.000000000000000000e+00
-5.229098304575217210e-02
0.000000000000000000e+00
0.000000000000000000e+00
0.000000000000000000e+00
-4.760622988991359827e-01
0.000000000000000000e+00
0.000000000000000000e+00
0.000000000000000000e+00
0.000000000000000000e+00
-2.372600040116846776e-01
0.000000000000000000e+00
-1.793086131177401565e-01
2.698838533988610899e-02
0.000000000000000000e+00
0.000000000000000000e+00
0.000000000000000000e+00
7.998780889457167420e-02
0.000000000000000000e+00
3.129037688046426013e-01
-3.337341574395459864e-01
-2.105890510216285386e-02
0.000000000000000000e+00
0.000000000000000000e+00
0.000000000000000000e+00
0.000000000000000000e+00
0.000000000000000000e+00
-1.455249607878576490e-01
0.000000000000000000e+00
2.090155505677403214e-01
-3.383476906544726770e-01
-1.318921886601575333e-01
5.927356835322716844e-01
0.000000000000000000e+00
-4.177151641421312234e-01
0.000000000000000000e+00
-1.003790640080920310e-01
0.000000000000000000e+00
-4.100718807213242223e-01
-3.376990654615821819e-02
0.000000000000000000e+00
2.306198213272258324e-01
3.853506586399858130e-02
0.000000000000000000e+00
-2.919322308745190275e-01
1.350695078104954927e+00
0.000000000000000000e+00
0.000000000000000000e+00
3.859875100115492397e-01
0.000000000000000000e+00
0.000000000000000000e+00
0.000000000000000000e+00
0.000000000000000000e+00
0.000000000000000000e+00
-6.810969432187273520e-02
0.000000000000000000e+00
0.000000000000000000e+00
-3.892141943317778963e-01
0.000000000000000000e+00
0.000000000000000000e+00
0.000000000000000000e+00
-6.554432993052296264e-02
0.000000000000000000e+00
-8.829659823905143534e-02
0.000000000000000000e+00
2.466683071121578696e-01
0.000000000000000000e+00
7.978283125786540808e-02
0.000000000000000000e+00
0.000000000000000000e+00
-1.876420041292971852e-01
0.000000000000000000e+00
0.000000000000000000e+00
4.063690972418292913e-01
-3.949734578588251499e-01
0.000000000000000000e+00
1.875531289367705079e-01
-4.411810069936103473e-01
0.000000000000000000e+00
2.480526324244535785e-01
2.715339139953127159e-02
0.000000000000000000e+00
-1.421039139832932230e-01
9.126582894477969221e-02
0.000000000000000000e+00
-4.966369823059774147e-01
0.000000000000000000e+00
-4.137203565568319807e-01
-6.422925128462581013e-01
4.059195785522700661e-01
0.000000000000000000e+00
-6.002999955343536059e-02
0.000000000000000000e+00
1.678974092236800719e-01
0.000000000000000000e+00
2.207573506335178404e-01
0.000000000000000000e+00
0.000000000000000000e+00
0.000000000000000000e+00
0.000000000000000000e+00
9.677616791507707983e-02
0.000000000000000000e+00
4.966499250577592617e-02
0.000000000000000000e+00
0.000000000000000000e+00
0.000000000000000000e+00
1.905485614915615189e-01
-4.190231698164806340e-01
-2.132040837862441973e-01
-4.701908713690534924e-02
0.000000000000000000e+00
1.219491650121924398e-01
0.000000000000000000e+00
-1.367421892543545410e-02
-2.230636239477619132e-01
0.000000000000000000e+00
0.000000000000000000e+00
-5.002554634896771990e-01
0.000000000000000000e+00
0.000000000000000000e+00
-1.036110785749599361e-01
4.510671356333180171e-01
0.000000000000000000e+00
1.060568530940314558e+00
-8.309230095074532363e-02
0.000000000000000000e+00
-1.114591957968595060e-01
8.183163747768251728e-02
-2.185301088803910663e-02
0.000000000000000000e+00
-1.048816288468517044e-01
0.000000000000000000e+00
-1.060505396485502266e-01
0.000000000000000000e+00
-1.849891585710217445e-01
-3.877477228767756690e-01
-5.478458059652794310e-01
0.000000000000000000e+00
0.000000000000000000e+00
0.000000000000000000e+00
0.000000000000000000e+00
0.000000000000000000e+00
-1.962937580255652847e-01
-2.002949803394725725e-01
0.000000000000000000e+00
-7.493596896760348902e-02
0.000000000000000000e+00
3.223363190308627946e-01
0.000000000000000000e+00
-5.799799873833308972e-01
-7.344792500895478415e-01
4.451417774634882085e-01
0.000000000000000000e+00
2.806459226376075700e-01
0.000000000000000000e+00
4.735776409641039714e-02
-2.491786448334562531e-01
5.023421877015459280e-01
0.000000000000000000e+00
0.000000000000000000e+00
0.000000000000000000e+00
0.000000000000000000e+00
-2.422368345079357055e-01
0.000000000000000000e+00
0.000000000000000000e+00
-4.366119588986415445e-02
0.000000000000000000e+00
0.000000000000000000e+00
0.000000000000000000e+00
-3.194150313526820106e-01
0.000000000000000000e+00
0.000000000000000000e+00
0.000000000000000000e+00
5.791693175442465952e-02
0.000000000000000000e+00
0.000000000000000000e+00
1.241760516705322642e-01
0.000000000000000000e+00
0.000000000000000000e+00
-6.071508919207461163e-01
2.222815101144261229e-01
0.000000000000000000e+00
0.000000000000000000e+00
0.000000000000000000e+00
0.000000000000000000e+00
2.213061544158161087e-01
-5.703032885078850034e-02
0.000000000000000000e+00
0.000000000000000000e+00
0.000000000000000000e+00
0.000000000000000000e+00
-2.374085042355361386e-01
7.780333927450296116e-02
0.000000000000000000e+00
7.405856905273959512e-02
2.839419315649755471e-01
4.536086487454982774e-01
1.718602155192841541e-02
0.000000000000000000e+00
2.466374247772289141e-02
2.340476232536533446e-02
-1.907295827820909007e-01
-2.993514499441684573e-01
-5.058667997096288893e-01
-3.041085226408453759e-02
-1.195851053628256694e-01
-2.691669277148242209e-02
-5.387952240430958235e-04
7.100742889017317427e-01
1.210131037097008921e-01
0.000000000000000000e+00
4.110642390926103618e-01
2.139138915396054108e-01
0.000000000000000000e+00
0.000000000000000000e+00
0.000000000000000000e+00
4.961307183213843341e-01
-2.445402390758245059e-01
2.631136799544338545e-01
-2.165441410374028819e-01
-7.765196957855885485e-01
3.184261339940872015e-01
0.000000000000000000e+00
-1.196767879947594343e-01
5.499125794668454845e-03
0.000000000000000000e+00
0.000000000000000000e+00
5.214406855409633446e-01
-4.258728126524106289e-02
-5.804026622030222793e-01
-7.938507983288893843e-01
1.480087023350030728e-01
-5.546599203115880616e-01
-4.776648642866305750e-01
1.030192745933739690e-02
0.000000000000000000e+00
-3.503552363545138770e-01
0.000000000000000000e+00
0.000000000000000000e+00
-2.151727319045845521e-01
0.000000000000000000e+00
0.000000000000000000e+00
1.082967342732400334e-01
0.000000000000000000e+00
1.236898182410839514e-01
0.000000000000000000e+00
-1.135066242681331689e-01
0.000000000000000000e+00
0.000000000000000000e+00
0.000000000000000000e+00
0.000000000000000000e+00
4.736651163817481164e-02
0.000000000000000000e+00
0.000000000000000000e+00
0.000000000000000000e+00
0.000000000000000000e+00
0.000000000000000000e+00
0.000000000000000000e+00
0.000000000000000000e+00
-1.499810596391814299e-01
0.000000000000000000e+00
2.170522223146534660e-02
3.459722711082516833e-01
3.112436588048194119e-01
7.135776300794959282e-01
-2.904662811204349881e-01
0.000000000000000000e+00
3.617086778886095810e-02
3.282552418124071170e-02
-2.524108646996772731e-01
0.000000000000000000e+00
-8.757863474936154746e-02
1.400026371864319247e-02
-1.153204932903992980e-01
0.000000000000000000e+00
0.000000000000000000e+00
-2.960228630550446050e-01
0.000000000000000000e+00
3.476173490208074313e-01
2.079130212104858197e-02
2.204769625216305595e+00
0.000000000000000000e+00
0.000000000000000000e+00
-5.063663510673211965e-01
-4.606397763910496934e-01
-1.395695070074180477e-01
3.417457074155168251e-02
0.000000000000000000e+00
0.000000000000000000e+00
0.000000000000000000e+00
0.000000000000000000e+00
7.082681574571808580e-01
0.000000000000000000e+00
6.697142510327001863e-02
0.000000000000000000e+00
0.000000000000000000e+00
0.000000000000000000e+00
0.000000000000000000e+00
0.000000000000000000e+00
-4.705445329731641202e-01
2.814592885883847040e-01
0.000000000000000000e+00
-8.313392455652252044e-01
3.014289039960398736e-02
0.000000000000000000e+00
0.000000000000000000e+00
0.000000000000000000e+00
0.000000000000000000e+00
0.000000000000000000e+00
-9.478107814580644108e-02
2.873117321827944187e-02
0.000000000000000000e+00
0.000000000000000000e+00
2.667421062619604322e-01
-2.227179746630290336e-01
-4.220050742340219346e-02
0.000000000000000000e+00
3.865222202790603023e-01
0.000000000000000000e+00
-1.513564480086531383e-01
0.000000000000000000e+00
-2.881497074281437198e-01
-3.724028852127606037e-01
-4.487421010804780175e-01
4.911767296273828604e-02
0.000000000000000000e+00
0.000000000000000000e+00
-1.132179505031172817e-01
0.000000000000000000e+00
-1.056862611408218161e-01
-1.647401643589794518e-01
2.442910654224849931e-01
7.023796889312626524e-02
0.000000000000000000e+00
-1.776779592822685383e-01
2.210292008728415858e-01
3.381918591115184308e-02
0.000000000000000000e+00
1.515647400443207171e-01
-2.247254233114759636e-01
0.000000000000000000e+00
-1.792678671551997394e-01
-5.159067377181984770e-02
0.000000000000000000e+00
0.000000000000000000e+00
7.789723347256777286e-01
2.114441871795510741e-01
2.028706494377175984e-01
0.000000000000000000e+00
-1.992097591203512152e-01
2.693258675304860406e-01
1.066857150070837090e-01
9.279068293960233971e-02
-1.787001719579064118e-01
0.000000000000000000e+00
1.973567490012648890e-02
0.000000000000000000e+00
0.000000000000000000e+00
-2.892607840412385056e-01
0.000000000000000000e+00
-1.761179657775173157e-01
0.000000000000000000e+00
0.000000000000000000e+00
0.000000000000000000e+00
0.000000000000000000e+00
4.121059347450818366e-01
-1.314567194266667849e-01
-5.544633306561033148e-01
0.000000000000000000e+00
-3.381212596003084769e-01
0.000000000000000000e+00
0.000000000000000000e+00
3.333129164927386284e-02
-2.901629933220234436e-01
-7.860084499640086764e-02
4.473944853919305936e-02
0.000000000000000000e+00
0.000000000000000000e+00
0.000000000000000000e+00
-1.818642319777257488e-01
0.000000000000000000e+00
0.000000000000000000e+00
-1.107023777277259757e+00
0.000000000000000000e+00
0.000000000000000000e+00
0.000000000000000000e+00
8.892638562209274067e-01
0.000000000000000000e+00
0.000000000000000000e+00
0.000000000000000000e+00
0.000000000000000000e+00
-2.891275725335158975e-01
0.000000000000000000e+00
0.000000000000000000e+00
-2.378332423424082687e-01
2.439232051770364174e-01
3.894678684162345972e-01
0.000000000000000000e+00
0.000000000000000000e+00
0.000000000000000000e+00
-1.383085648755571773e-01
1.650788749317226856e-01
0.000000000000000000e+00
6.815622577329102927e-02
-7.052026254708055886e-01
-1.349872421763218533e-01
0.000000000000000000e+00
0.000000000000000000e+00
0.000000000000000000e+00
0.000000000000000000e+00
0.000000000000000000e+00
0.000000000000000000e+00
0.000000000000000000e+00
0.000000000000000000e+00
3.543392060042042657e-01
0.000000000000000000e+00
0.000000000000000000e+00
0.000000000000000000e+00
0.000000000000000000e+00
-2.556985509427336933e-01
0.000000000000000000e+00
-1.499109532018868922e-02
-3.047835100702558919e-02
0.000000000000000000e+00
0.000000000000000000e+00
0.000000000000000000e+00
-5.464275505714475401e-01
0.000000000000000000e+00
0.000000000000000000e+00
-5.828455695670660131e-01
0.000000000000000000e+00
-2.797971258415311024e-01
-7.138410634852178360e-02
5.570516875435334303e-02
0.000000000000000000e+00
-2.091054096767039072e-01
0.000000000000000000e+00
5.190287915698017090e-02
0.000000000000000000e+00
7.368381294521201275e-01
1.021268524303104108e+00
7.858931816915289137e-02
-2.502328139381056540e-02
0.000000000000000000e+00
8.364257376510365882e-02
0.000000000000000000e+00
-1.473373977457386463e-01
0.000000000000000000e+00
-3.724494715919494103e-01
0.000000000000000000e+00
-6.612624657446813936e-02
-2.667897268845016434e-01
0.000000000000000000e+00
-7.484772131101650183e-01
0.000000000000000000e+00
0.000000000000000000e+00
0.000000000000000000e+00
0.000000000000000000e+00
-3.495567415531236066e-01
0.000000000000000000e+00
-5.862752943937317163e-01
0.000000000000000000e+00
0.000000000000000000e+00
-2.407646307308409228e-01
0.000000000000000000e+00
5.943089632443305376e-02
0.000000000000000000e+00
0.000000000000000000e+00
5.208721926513034672e-01
0.000000000000000000e+00
-3.802728637326027034e-02
-9.952602179366220048e-01
-3.547429078479016895e-02
0.000000000000000000e+00
0.000000000000000000e+00
-7.137716121887095755e-02
0.000000000000000000e+00
7.616726164884686512e-02
-2.543679715531287910e-01
0.000000000000000000e+00
2.821731620554529529e-02
0.000000000000000000e+00
6.208337484390545613e-02
-4.334176448249386082e-01
-9.281116770549306932e-04
0.000000000000000000e+00
-2.202969234098941242e-01
0.000000000000000000e+00
0.000000000000000000e+00
0.000000000000000000e+00
-9.796746692053946992e-01
-1.813653665183541375e-01
-5.364345627291393637e-01
0.000000000000000000e+00
4.582146054495433302e-02
1.046853464720671756e-01
0.000000000000000000e+00
-4.906687928207994348e-02
-3.920736183787044277e-02
0.000000000000000000e+00
0.000000000000000000e+00
-5.401259633560606677e-01
0.000000000000000000e+00
4.571732496332544388e-02
9.286412704171984056e-02
0.000000000000000000e+00
-7.302335160176097739e-01
-4.373268674642671328e-01
0.000000000000000000e+00
0.000000000000000000e+00
-1.508265117015122336e-01
0.000000000000000000e+00
1.059324190493620810e+00
0.000000000000000000e+00
-2.502183162259316029e-01
9.286806381735253357e-02
0.000000000000000000e+00
0.000000000000000000e+00
0.000000000000000000e+00
-7.790234603313770734e-04
-1.923246494806635926e-02
0.000000000000000000e+00
-1.492591754105514201e-01
0.000000000000000000e+00
0.000000000000000000e+00
0.000000000000000000e+00
1.404898107255457551e-01
0.000000000000000000e+00
0.000000000000000000e+00
-2.135819683126900445e-02
0.000000000000000000e+00
7.289702855486981936e-02
1.846146522397023038e-01
0.000000000000000000e+00
0.000000000000000000e+00
0.000000000000000000e+00
0.000000000000000000e+00
0.000000000000000000e+00
0.000000000000000000e+00
0.000000000000000000e+00
0.000000000000000000e+00
1.503711305613561824e-02
3.146208322302532778e-01
-3.340688824944196972e-02
-6.373462781547603595e-02
-2.843461684897882757e-01
7.998159749631601756e-02
0.000000000000000000e+00
0.000000000000000000e+00
0.000000000000000000e+00
0.000000000000000000e+00
0.000000000000000000e+00
0.000000000000000000e+00
6.184967736561122198e-01
0.000000000000000000e+00
0.000000000000000000e+00
0.000000000000000000e+00
-3.501846601324446473e-01
0.000000000000000000e+00
2.764105892862429581e-01
0.000000000000000000e+00
0.000000000000000000e+00
-4.591175945023250882e-01
0.000000000000000000e+00
0.000000000000000000e+00
0.000000000000000000e+00
-7.050608559320138691e-03
0.000000000000000000e+00
-9.241232635845142429e-02
-3.587163602841336035e-02
0.000000000000000000e+00
-3.144447032556533239e-01
3.453692615771788432e-01
5.501881774247864287e-01
0.000000000000000000e+00
-2.007735359201713032e-01
0.000000000000000000e+00
-6.707026872365885739e-02
-1.878283772813698627e-01
0.000000000000000000e+00
0.000000000000000000e+00
3.839801791192142509e-03
8.339002693238587449e-01
0.000000000000000000e+00
0.000000000000000000e+00
-1.512636173761015002e-01
0.000000000000000000e+00
-2.454424120892275980e-03
-4.334599199814299642e-01
-1.206114747782896790e-01
0.000000000000000000e+00
0.000000000000000000e+00
0.000000000000000000e+00
0.000000000000000000e+00
0.000000000000000000e+00
0.000000000000000000e+00
0.000000000000000000e+00
-1.510490269460624917e-02
-6.191673879131515817e-02
0.000000000000000000e+00
0.000000000000000000e+00
1.273876620355689215e-01
0.000000000000000000e+00
-1.944256115017559128e-01
0.000000000000000000e+00
1.099953891563913710e-02
0.000000000000000000e+00
-3.216844166570539398e-01
5.250309902716459448e-02
-1.997298728603794926e-01
0.000000000000000000e+00
-1.261981764807529882e-01
0.000000000000000000e+00
1.659612060198533967e-01
-2.960685716577426407e-01
0.000000000000000000e+00
0.000000000000000000e+00
-3.865197383905726314e-01
4.292654985441792248e-01
0.000000000000000000e+00
0.000000000000000000e+00
0.000000000000000000e+00
0.000000000000000000e+00
0.000000000000000000e+00
7.560299351808752455e-02
0.000000000000000000e+00
-4.310278706963241446e-01
0.000000000000000000e+00
-1.997503878145461820e-01
0.000000000000000000e+00
1.003397581879814093e-01
0.000000000000000000e+00
0.000000000000000000e+00
-5.096398381178544046e-01
0.000000000000000000e+00
8.119876583359957045e-02
7.993140599190901030e-01
2.980702553973850200e-01
-3.409869833587044208e-01
-6.617553516129320856e-02
8.392058326092695364e-02
-1.799869528975586164e-01
0.000000000000000000e+00
0.000000000000000000e+00
0.000000000000000000e+00
0.000000000000000000e+00
0.000000000000000000e+00
2.367843032635636169e-01
1.366259466530911126e+00
-5.122326585907833740e-01
-1.000472273457898853e-01
8.729506744321399725e-02
0.000000000000000000e+00
1.914192931772680517e-01
0.000000000000000000e+00
-9.539458545839972492e-02
-1.995057883704764723e-01
0.000000000000000000e+00
-2.620237825596627435e-01
0.000000000000000000e+00
5.774495113530725421e-01
0.000000000000000000e+00
-2.246192175559454662e-01
7.649995902110288959e-03
0.000000000000000000e+00
-2.952964394697198403e-01
-1.349048875139046699e-01
5.129698606631221125e-01
0.000000000000000000e+00
0.000000000000000000e+00
0.000000000000000000e+00
0.000000000000000000e+00
-9.103493917669816526e-02
0.000000000000000000e+00
-3.725154037897523418e-01
0.000000000000000000e+00
-5.161848028044694336e-01
0.000000000000000000e+00
0.000000000000000000e+00
0.000000000000000000e+00
0.000000000000000000e+00
0.000000000000000000e+00
9.550336425418343156e-02
9.537725057584732491e-02
-4.336265639366468916e-01
0.000000000000000000e+00
5.731903090073706131e-02
2.159222064962112997e-02
0.000000000000000000e+00
0.000000000000000000e+00
0.000000000000000000e+00
0.000000000000000000e+00
-3.069011312282565185e-01
-3.629700561349233912e-01
1.418314032413704462e-01
0.000000000000000000e+00
-3.018698001081517382e-02
0.000000000000000000e+00
5.069967385321118014e-01
2.015477351607188328e-01
-1.095922613303871307e-01
-3.900939729973976200e-01
-1.300711821331229645e-01
-2.495530967238085707e-01
0.000000000000000000e+00
5.844214021492279837e-02
0.000000000000000000e+00
-2.754947397323045943e-01
-3.783037933510488560e-02
-2.220848159341564654e-01
-3.633091568245664926e-01
-2.912827362822331123e-01
0.000000000000000000e+00
0.000000000000000000e+00
0.000000000000000000e+00
-4.595844670574371071e-01
0.000000000000000000e+00
-4.495431026776498806e-02
0.000000000000000000e+00
2.467313590857611247e-02
0.000000000000000000e+00
0.000000000000000000e+00
0.000000000000000000e+00
2.651112235098445624e-01
0.000000000000000000e+00
-3.325642650205985484e-01
-9.217336642828328763e-01
0.000000000000000000e+00
-5.181271605546448888e-02
-1.726920630705818249e-01
6.724741326911781725e-03
0.000000000000000000e+00
0.000000000000000000e+00
1.382274607373111808e-01
-5.192068084396522787e-01
0.000000000000000000e+00
1.816531080489890704e-01
0.000000000000000000e+00
-3.847637471618917115e-01
0.000000000000000000e+00
0.000000000000000000e+00
0.000000000000000000e+00
-3.319915418336187585e-02
2.664636662249916799e-01
9.698034405011431158e-02
0.000000000000000000e+00
-1.131008527818272158e-01
0.000000000000000000e+00
-7.538959037599786139e-01
-1.383845102350169665e-01
0.000000000000000000e+00
-6.969637513395307571e-02
0.000000000000000000e+00
0.000000000000000000e+00
-6.710374587318476136e-01
2.180369277563329877e-01
0.000000000000000000e+00
1.282862006062975846e-01
0.000000000000000000e+00
-8.740768567219962815e-02
-1.294840190188193407e-01
-8.855579303343259767e-02
0.000000000000000000e+00
0.000000000000000000e+00
-8.515021184615342853e-02
0.000000000000000000e+00
1.119802567256014333e-02
0.000000000000000000e+00
-4.505866792368837248e-02
0.000000000000000000e+00
0.000000000000000000e+00
0.000000000000000000e+00
0.000000000000000000e+00
4.809932562225870400e-01
0.000000000000000000e+00
4.550564043325490415e-02
0.000000000000000000e+00
0.000000000000000000e+00
0.000000000000000000e+00
0.000000000000000000e+00
2.076946337874009674e-02
4.992989911417049925e-02
0.000000000000000000e+00
8.091985290809503018e-02
0.000000000000000000e+00
0.000000000000000000e+00
0.000000000000000000e+00
-1.568921977288937619e-01
0.000000000000000000e+00
0.000000000000000000e+00
1.304553807529833520e-01
2.303838238737380972e-01
0.000000000000000000e+00
0.000000000000000000e+00
-2.039194650958025545e-01
0.000000000000000000e+00
-4.539824390704279983e-02
-3.503472937426554412e-01
-2.722292827948873950e-01
0.000000000000000000e+00
-6.018616349582195379e-01
1.061645083573184989e-01
0.000000000000000000e+00
0.000000000000000000e+00
1.889541036142085850e-01
0.000000000000000000e+00
1.379292855266408269e-01
1.119156157768420368e+00
0.000000000000000000e+00
0.000000000000000000e+00
-1.426805179016087111e-01
5.568244278548969972e-02
0.000000000000000000e+00
-1.198026561092446485e-01
-1.175062686850261578e-01
0.000000000000000000e+00
-1.377006128190774725e-01
0.000000000000000000e+00
1.611091852633438903e-01
-1.674155915112238435e-01
2.886416746835349656e-01
-1.968571282232349506e-01
0.000000000000000000e+00
0.000000000000000000e+00
-3.839654957294462156e-01
-2.939645779510660986e-02
0.000000000000000000e+00
-3.677041698117890500e-01
-1.866777954015703955e-01
0.000000000000000000e+00
0.000000000000000000e+00
0.000000000000000000e+00
0.000000000000000000e+00
0.000000000000000000e+00
0.000000000000000000e+00
0.000000000000000000e+00
0.000000000000000000e+00
1.234798994749514378e+00
0.000000000000000000e+00
0.000000000000000000e+00
0.000000000000000000e+00
-1.121098382318961584e-01
-2.113957800535511966e-01
0.000000000000000000e+00
0.000000000000000000e+00
0.000000000000000000e+00
0.000000000000000000e+00
0.000000000000000000e+00
2.391082752429182223e-01
0.000000000000000000e+00
0.000000000000000000e+00
0.000000000000000000e+00
-3.536165865286344800e-01
0.000000000000000000e+00
8.198465752182783339e-03
-8.553534225531475577e-02
0.000000000000000000e+00
0.000000000000000000e+00
-5.985321154250344833e-02
-2.755076573039727528e-01
-5.111637176439077779e-01
0.000000000000000000e+00
-2.350387866998885841e-02
0.000000000000000000e+00
-4.662582816974487621e-01
4.288528811155170595e-01
-6.061092486199886054e-01
0.000000000000000000e+00
0.000000000000000000e+00
0.000000000000000000e+00
1.033021954772775086e-01
0.000000000000000000e+00
-1.446993080751094174e-01
9.721647311681523573e-02
0.000000000000000000e+00
-4.129613823486594781e-01
0.000000000000000000e+00
0.000000000000000000e+00
-4.917441700019156148e-01
0.000000000000000000e+00
-2.961845976356376406e-02
0.000000000000000000e+00
7.247572179511775625e-02
0.000000000000000000e+00
0.000000000000000000e+00
0.000000000000000000e+00
0.000000000000000000e+00
0.000000000000000000e+00
0.000000000000000000e+00
0.000000000000000000e+00
-5.020702346718671771e-01
-1.635238419803793641e-01
5.115902896127229038e-01
3.212909060975700087e-02
0.000000000000000000e+00
0.000000000000000000e+00
0.000000000000000000e+00
1.036460565271481431e-03
0.000000000000000000e+00
0.000000000000000000e+00
0.000000000000000000e+00
0.000000000000000000e+00
6.467498233918335393e-02
-6.941879860291945148e-01
0.000000000000000000e+00
-7.263159321051761985e-01
0.000000000000000000e+00
0.000000000000000000e+00
-2.261709425015271391e-01
1.251229151446281050e-03
0.000000000000000000e+00
0.000000000000000000e+00
0.000000000000000000e+00
-1.300946382648382749e-01
0.000000000000000000e+00
-4.188145091922963748e-02
0.000000000000000000e+00
0.000000000000000000e+00
-5.564491284645058933e-01
4.211014597700948880e-02
-7.831471568787616855e-01
3.234886288244908092e-01
9.278777730639095611e-02
0.000000000000000000e+00
0.000000000000000000e+00
0.000000000000000000e+00
0.000000000000000000e+00
0.000000000000000000e+00
0.000000000000000000e+00
0.000000000000000000e+00
0.000000000000000000e+00
0.000000000000000000e+00
4.384635548713765596e-01
-4.013496110156646868e-01
0.000000000000000000e+00
3.148724997129416676e-03
0.000000000000000000e+00
0.000000000000000000e+00
0.000000000000000000e+00
0.000000000000000000e+00
1.401456878220217195e-01
3.209819265239091113e-01
0.000000000000000000e+00
-2.304162610132612643e-01
0.000000000000000000e+00
0.000000000000000000e+00
0.000000000000000000e+00
0.000000000000000000e+00
0.000000000000000000e+00
-4.479312546260851013e-02
0.000000000000000000e+00
2.339020926182265592e-01
-5.602656987970255908e-01
0.000000000000000000e+00
0.000000000000000000e+00
0.000000000000000000e+00
0.000000000000000000e+00
-1.204509673421697569e-01
4.031897111116922727e-01
0.000000000000000000e+00
2.899014078434152264e-01
0.000000000000000000e+00
1.478720662923192486e-01
-1.224328410921566856e-01
0.000000000000000000e+00
0.000000000000000000e+00
1.497878832603952437e-01
1.156054002545153780e+00
-5.221037919731275762e-02
0.000000000000000000e+00
-3.876922182464780375e-01
0.000000000000000000e+00
0.000000000000000000e+00
0.000000000000000000e+00
1.193878014335926885e+00
0.000000000000000000e+00
0.000000000000000000e+00
0.000000000000000000e+00
0.000000000000000000e+00
0.000000000000000000e+00
0.000000000000000000e+00
0.000000000000000000e+00
0.000000000000000000e+00
0.000000000000000000e+00
-5.227610343365605150e-01
0.000000000000000000e+00
-5.710801265624200485e-02
0.000000000000000000e+00
-5.526278244448482035e-02
-2.794581967816667581e-02
2.520567750201093138e-01
0.000000000000000000e+00
-1.815162701009785939e-01
-1.522417155051834503e-01
0.000000000000000000e+00
-3.438400035473238581e-01
0.000000000000000000e+00
0.000000000000000000e+00
0.000000000000000000e+00
0.000000000000000000e+00
0.000000000000000000e+00
3.858106784842057352e-02
-5.220489820580338780e-02
0.000000000000000000e+00
0.000000000000000000e+00
-2.963118066830398578e-01
0.000000000000000000e+00
0.000000000000000000e+00
0.000000000000000000e+00
0.000000000000000000e+00
0.000000000000000000e+00
1.122572704672452210e-01
0.000000000000000000e+00
0.000000000000000000e+00
0.000000000000000000e+00
0.000000000000000000e+00
0.000000000000000000e+00
0.000000000000000000e+00
0.000000000000000000e+00
-6.013198602274406612e-01
0.000000000000000000e+00
0.000000000000000000e+00
-1.626165734853744207e-03
-2.958772194238453723e-01
0.000000000000000000e+00
0.000000000000000000e+00
0.000000000000000000e+00
5.686294716166352681e-02
-1.936200217622433273e-01
4.280867183771843165e-01
0.000000000000000000e+00
0.000000000000000000e+00
0.000000000000000000e+00
-2.854219217501496875e-01
0.000000000000000000e+00
1.307868260086502976e-01
8.292197831028019772e-02
0.000000000000000000e+00
0.000000000000000000e+00
0.000000000000000000e+00
3.174451135376369915e-01
-1.364685797797060562e-02
0.000000000000000000e+00
0.000000000000000000e+00
-1.532938742536454346e-01
0.000000000000000000e+00
0.000000000000000000e+00
8.075201066392685423e-01
-2.330089209898658087e-01
0.000000000000000000e+00
-5.523922384960956722e-02
6.030476822714700980e-01
-2.936862619685217668e-01
0.000000000000000000e+00
1.381584437957323219e+00
0.000000000000000000e+00
2.269152608391948878e-01
4.242662681924263546e-01
1.517866566195295031e-01
0.000000000000000000e+00
-5.227997192121000558e-02
0.000000000000000000e+00
0.000000000000000000e+00
0.000000000000000000e+00
0.000000000000000000e+00
-6.833929577424846524e-01
-1.889741546456465415e-01
-1.510081493347988080e-01
0.000000000000000000e+00
0.000000000000000000e+00
8.239586133796239498e-02
0.000000000000000000e+00
1.215344768596256508e-01
0.000000000000000000e+00
-1.556288999761024638e-01
1.312371914098795500e-01
0.000000000000000000e+00
4.821840285392359760e-01
-5.332557857728471573e-01
0.000000000000000000e+00
4.869452504620462863e-01
0.000000000000000000e+00
9.400163088996890681e-02
0.000000000000000000e+00
0.000000000000000000e+00
0.000000000000000000e+00
0.000000000000000000e+00
0.000000000000000000e+00
0.000000000000000000e+00
0.000000000000000000e+00
0.000000000000000000e+00
-9.059343027740238141e-02
0.000000000000000000e+00
-6.595009923826685716e-01
0.000000000000000000e+00
0.000000000000000000e+00
7.410613088318009078e-02
0.000000000000000000e+00
0.000000000000000000e+00
0.000000000000000000e+00
0.000000000000000000e+00
-5.802995413917487466e-02
-2.807022622389381827e-01
-2.433336932551250983e-02
0.000000000000000000e+00
1.777389501524897497e-01
0.000000000000000000e+00
-1.616111708672159364e-01
0.000000000000000000e+00
0.000000000000000000e+00
0.000000000000000000e+00
0.000000000000000000e+00
0.000000000000000000e+00
0.000000000000000000e+00
0.000000000000000000e+00
-5.849917530978765434e-01
0.000000000000000000e+00
-1.022958486816720469e-01
0.000000000000000000e+00
0.000000000000000000e+00
5.301321883712875049e-01
-4.070335878953003639e-01
0.000000000000000000e+00
0.000000000000000000e+00
0.000000000000000000e+00
6.548575221276067837e-02
0.000000000000000000e+00
-3.384455814642164245e-03
0.000000000000000000e+00
5.463248660889657993e-02
0.000000000000000000e+00
-1.043822711256184033e-01
0.000000000000000000e+00
0.000000000000000000e+00
0.000000000000000000e+00
-5.749116647917640321e-01
0.000000000000000000e+00
0.000000000000000000e+00
0.000000000000000000e+00
0.000000000000000000e+00
-4.234382753316442982e-01
0.000000000000000000e+00
0.000000000000000000e+00
-3.787305516681484518e-01
0.000000000000000000e+00
0.000000000000000000e+00
-6.419550633255965977e-01
1.524155273308241132e-01
0.000000000000000000e+00
-8.327217872477959970e-02
4.216587581513771554e-01
-3.182485896696021777e-01
-5.827797244868168081e-01
0.000000000000000000e+00
0.000000000000000000e+00
0.000000000000000000e+00
7.961960130921071077e-02
4.223841302926721331e-01
-1.274750422172940545e-01
0.000000000000000000e+00
-2.734605271125493120e-01
0.000000000000000000e+00
1.490006499820084318e-01
3.512820064240779194e-01
0.000000000000000000e+00
1.744309525124278615e+00
0.000000000000000000e+00
0.000000000000000000e+00
-2.354008052188806543e-01
0.000000000000000000e+00
-2.623714219354910115e-01
0.000000000000000000e+00
0.000000000000000000e+00
1.318874077282736479e-01
0.000000000000000000e+00
0.000000000000000000e+00
-1.294609644868507103e-01
0.000000000000000000e+00
0.000000000000000000e+00
0.000000000000000000e+00
3.533166787219588212e-01
0.000000000000000000e+00
0.000000000000000000e+00
0.000000000000000000e+00
0.000000000000000000e+00
0.000000000000000000e+00
3.138984215608967704e-02
0.000000000000000000e+00
0.000000000000000000e+00
0.000000000000000000e+00
5.914676857186907943e-01
1.608308686386079323e-01
0.000000000000000000e+00
0.000000000000000000e+00
0.000000000000000000e+00
0.000000000000000000e+00
4.469605274555932956e-02
0.000000000000000000e+00
0.000000000000000000e+00
-1.355249279150705366e-01
-7.172475322817443988e-02
0.000000000000000000e+00
0.000000000000000000e+00
9.724911706659809807e-02
-1.000610237928100388e-01
-1.050857872496358120e-01
0.000000000000000000e+00
-2.205449124462392427e-02
0.000000000000000000e+00
0.000000000000000000e+00
2.223628491992581391e-01
1.431211998501272786e+00
-5.882678587657318853e-02
0.000000000000000000e+00
2.112910363179101858e-01
0.000000000000000000e+00
0.000000000000000000e+00
0.000000000000000000e+00
0.000000000000000000e+00
0.000000000000000000e+00
0.000000000000000000e+00
0.000000000000000000e+00
0.000000000000000000e+00
0.000000000000000000e+00
-4.416275887075393758e-01
-1.816567855708824467e-02
-1.571762459330307282e-01
0.000000000000000000e+00
0.000000000000000000e+00
0.000000000000000000e+00
0.000000000000000000e+00
0.000000000000000000e+00
0.000000000000000000e+00
-5.514189580239173966e-02
0.000000000000000000e+00
0.000000000000000000e+00
0.000000000000000000e+00
0.000000000000000000e+00
0.000000000000000000e+00
0.000000000000000000e+00
0.000000000000000000e+00
0.000000000000000000e+00
1.677450889808055137e-02
0.000000000000000000e+00
0.000000000000000000e+00
0.000000000000000000e+00
0.000000000000000000e+00
0.000000000000000000e+00
0.000000000000000000e+00
0.000000000000000000e+00
0.000000000000000000e+00
0.000000000000000000e+00
0.000000000000000000e+00
0.000000000000000000e+00
-3.646242751044449504e-01
0.000000000000000000e+00
0.000000000000000000e+00
0.000000000000000000e+00
0.000000000000000000e+00
-2.197172695953971688e-01
0.000000000000000000e+00
0.000000000000000000e+00
0.000000000000000000e+00
0.000000000000000000e+00
-1.056633993323118775e-01
0.000000000000000000e+00
0.000000000000000000e+00
1.219615444372724455e-01
0.000000000000000000e+00
0.000000000000000000e+00
0.000000000000000000e+00
0.000000000000000000e+00
0.000000000000000000e+00
0.000000000000000000e+00
0.000000000000000000e+00
0.000000000000000000e+00
0.000000000000000000e+00
0.000000000000000000e+00
0.000000000000000000e+00
0.000000000000000000e+00
0.000000000000000000e+00
0.000000000000000000e+00
-4.552109603763537793e-01
-1.239265270253148976e-01
-8.642989047401759828e-02
-7.882021706494951596e-02
0.000000000000000000e+00
0.000000000000000000e+00
0.000000000000000000e+00
-1.052665242309419255e-02
5.360068625456030356e-01
0.000000000000000000e+00
0.000000000000000000e+00
1.608739415428683817e-02
-4.259626269419197059e-02
0.000000000000000000e+00
0.000000000000000000e+00
0.000000000000000000e+00
0.000000000000000000e+00
3.939855067344131406e-02
0.000000000000000000e+00
-5.896914867417300116e-02
0.000000000000000000e+00
-5.630918363184507502e-02
1.481658016846655324e-01
-4.936140377229997905e-02
1.006801184085736461e-01
0.000000000000000000e+00
-3.648421900687753849e-01
0.000000000000000000e+00
0.000000000000000000e+00
-2.032764447660326268e-01
0.000000000000000000e+00
0.000000000000000000e+00
0.000000000000000000e+00
0.000000000000000000e+00
0.000000000000000000e+00
0.000000000000000000e+00
0.000000000000000000e+00
1.299363720991254523e-01
0.000000000000000000e+00
0.000000000000000000e+00
4.157330842196035880e-01
-1.031972565350133708e+00
0.000000000000000000e+00
0.000000000000000000e+00
-5.309224519521523744e-01
0.000000000000000000e+00
-1.187219210661009522e-01
4.019688267662929748e-01
0.000000000000000000e+00
-1.729506573365561239e-01
3.612476344182550814e-01
0.000000000000000000e+00
0.000000000000000000e+00
0.000000000000000000e+00
-8.106295660273226192e-03
0.000000000000000000e+00
0.000000000000000000e+00
-1.281105339650930597e-01
1.407961523747850927e-02
1.893315261858423970e-01
-1.660629760145434786e-01
0.000000000000000000e+00
5.050333155331045848e-02
2.178814271032520067e-01
0.000000000000000000e+00
0.000000000000000000e+00
0.000000000000000000e+00
0.000000000000000000e+00
-3.492779913473815223e-01
7.636104625669040691e-02
-3.659610282979119944e-01
0.000000000000000000e+00
0.000000000000000000e+00
0.000000000000000000e+00
-3.015934466012664128e-01
2.587320948918425678e-01
-1.485324884541091572e-01
-6.100428287988814841e-02
0.000000000000000000e+00
-3.923446100327945274e-01
0.000000000000000000e+00
0.000000000000000000e+00
0.000000000000000000e+00
-1.396608678443312379e-01
-8.805238669791216888e-02
0.000000000000000000e+00
0.000000000000000000e+00
0.000000000000000000e+00
0.000000000000000000e+00
-5.726709130446550056e-02
-2.571874670494672110e-01
0.000000000000000000e+00
0.000000000000000000e+00
0.000000000000000000e+00
0.000000000000000000e+00
0.000000000000000000e+00
0.000000000000000000e+00
0.000000000000000000e+00
0.000000000000000000e+00
0.000000000000000000e+00
-2.467542295886349102e-02
0.000000000000000000e+00
4.697567060025718555e-01
0.000000000000000000e+00
0.000000000000000000e+00
-1.068029236269944920e-01
0.000000000000000000e+00
-1.856875616556483977e-01
0.000000000000000000e+00
0.000000000000000000e+00
0.000000000000000000e+00
0.000000000000000000e+00
0.000000000000000000e+00
0.000000000000000000e+00
-1.988844654504237086e-01
0.000000000000000000e+00
0.000000000000000000e+00
-6.480546538731726258e-01
0.000000000000000000e+00
0.000000000000000000e+00
0.000000000000000000e+00
0.000000000000000000e+00
-1.016071130404137260e-03
-5.449711316983327780e-01
0.000000000000000000e+00
0.000000000000000000e+00
6.393393918232508945e-03
0.000000000000000000e+00
0.000000000000000000e+00
-6.939130469940320289e-02
-7.524484149379916387e-01
0.000000000000000000e+00
0.000000000000000000e+00
0.000000000000000000e+00
0.000000000000000000e+00
0.000000000000000000e+00
-9.731146262813489267e-02
0.000000000000000000e+00
0.000000000000000000e+00
0.000000000000000000e+00
4.326820613917328751e-02
0.000000000000000000e+00
0.000000000000000000e+00
0.000000000000000000e+00
-6.404646069538591502e-02
0.000000000000000000e+00
0.000000000000000000e+00
0.000000000000000000e+00
-8.274298958050747832e-02
0.000000000000000000e+00
4.322615064471616586e-01
0.000000000000000000e+00
0.000000000000000000e+00
0.000000000000000000e+00
0.000000000000000000e+00
5.156569910881835250e-01
0.000000000000000000e+00
0.000000000000000000e+00
3.534264827960607175e-02
0.000000000000000000e+00
0.000000000000000000e+00
0.000000000000000000e+00
0.000000000000000000e+00
0.000000000000000000e+00
0.000000000000000000e+00
0.000000000000000000e+00
0.000000000000000000e+00
0.000000000000000000e+00
0.000000000000000000e+00
0.000000000000000000e+00
8.191435614008343857e-02
0.000000000000000000e+00
5.840261421480050785e-01
0.000000000000000000e+00
0.000000000000000000e+00
-1.456545930245674580e-01
0.000000000000000000e+00
-8.193620376772725589e-02
-3.779302547303038939e-01
0.000000000000000000e+00
0.000000000000000000e+00
0.000000000000000000e+00
0.000000000000000000e+00
1.370391139789486346e-01
-1.666053237778994667e-01
0.000000000000000000e+00
2.405577665346439742e-01
0.000000000000000000e+00
0.000000000000000000e+00
2.001158055690249737e-01
-3.793302095002685781e-01
0.000000000000000000e+00
0.000000000000000000e+00
0.000000000000000000e+00
-4.380514163007606654e-01
3.693705601975608710e-01
-3.269380893007529654e-01
1.600175256831605497e-01
0.000000000000000000e+00
0.000000000000000000e+00
-4.202561740438371940e-01
0.000000000000000000e+00
0.000000000000000000e+00
0.000000000000000000e+00
-2.023224305948522761e-01
0.000000000000000000e+00
0.000000000000000000e+00
-1.952910645512225540e-01
0.000000000000000000e+00
0.000000000000000000e+00
0.000000000000000000e+00
-1.376056627503539354e-01
0.000000000000000000e+00
0.000000000000000000e+00
0.000000000000000000e+00
9.940247536160866371e-02
-3.052191555060116968e-01
0.000000000000000000e+00
0.000000000000000000e+00
2.469533159394469990e-01
-1.034075655796712484e-01
-1.178828025065148805e-01
0.000000000000000000e+00
-1.971484009674649152e-01
0.000000000000000000e+00
0.000000000000000000e+00
-3.047484152624085341e-01
0.000000000000000000e+00
2.538895387752029276e-01
0.000000000000000000e+00
0.000000000000000000e+00
-4.789990761161587798e-03
0.000000000000000000e+00
2.090431518869061665e-03
-1.120529420487595233e-02
2.021955659958229179e-01
5.054554272135249743e-02
0.000000000000000000e+00
4.426874610378376262e-01
0.000000000000000000e+00
0.000000000000000000e+00
0.000000000000000000e+00
0.000000000000000000e+00
3.065854122299293549e-01
0.000000000000000000e+00
6.309324597632590126e-02
2.174623753240541024e-01
0.000000000000000000e+00
0.000000000000000000e+00
-3.961270997113697928e-02
0.000000000000000000e+00
-9.218448242914513424e-02
0.000000000000000000e+00
0.000000000000000000e+00
-4.271681131145539378e-01
0.000000000000000000e+00
-1.882725208245606685e-01
-2.491154733609984018e-01
0.000000000000000000e+00
-4.584524330915216161e-01
2.645287551982077323e-01
-1.720271184660758235e-01
0.000000000000000000e+00
1.385823109773662021e-01
1.420907908326400071e-01
0.000000000000000000e+00
0.000000000000000000e+00
0.000000000000000000e+00
-3.883155619914292062e-02
0.000000000000000000e+00
0.000000000000000000e+00
-1.606291888265246881e-01
0.000000000000000000e+00
0.000000000000000000e+00
0.000000000000000000e+00
0.000000000000000000e+00
8.559080762977192003e-02
0.000000000000000000e+00
-6.275819074883100257e-02
0.000000000000000000e+00
0.000000000000000000e+00
0.000000000000000000e+00
0.000000000000000000e+00
0.000000000000000000e+00
0.000000000000000000e+00
0.000000000000000000e+00
-8.087599096449380603e-03
-3.027421443499506704e-01
0.000000000000000000e+00
-2.478955431536968568e-01
0.000000000000000000e+00
0.000000000000000000e+00
0.000000000000000000e+00
0.000000000000000000e+00
0.000000000000000000e+00
0.000000000000000000e+00
0.000000000000000000e+00
0.000000000000000000e+00
1.336074368410749072e-02
2.875557811899009941e-01
-2.942476180511600092e-01
1.853292115028397913e-01
-1.591355452484394251e-01
0.000000000000000000e+00
-1.487939399269163354e-01
0.000000000000000000e+00
2.067307555454730439e-01
0.000000000000000000e+00
-3.687161936862197453e-02
0.000000000000000000e+00
-8.237983859879225434e-01
0.000000000000000000e+00
0.000000000000000000e+00
-2.508707270559327185e-01
0.000000000000000000e+00
3.163905716096783727e-01
0.000000000000000000e+00
2.461521858705496835e-02
-8.792961892615872022e-02
-4.083614347456725469e-01
2.605274011490355535e-01
0.000000000000000000e+00
0.000000000000000000e+00
0.000000000000000000e+00
0.000000000000000000e+00
0.000000000000000000e+00
0.000000000000000000e+00
0.000000000000000000e+00
0.000000000000000000e+00
1.241418359279221201e-01
0.000000000000000000e+00
0.000000000000000000e+00
0.000000000000000000e+00
0.000000000000000000e+00
-2.165769023765259579e-02
-1.423520724953109273e-01
0.000000000000000000e+00
0.000000000000000000e+00
1.180856206008497333e-01
2.474001447714515023e-01
-4.585750954566289450e-01
-2.167023073022885937e-01
7.056933111118234014e-02
0.000000000000000000e+00
0.000000000000000000e+00
-4.958266592390922489e-02
0.000000000000000000e+00
-1.426772228224245931e-01
3.210573954248290007e-02
0.000000000000000000e+00
0.000000000000000000e+00
-3.229182293627181899e-01
-1.019866988328555976e-02
0.000000000000000000e+00
0.000000000000000000e+00
0.000000000000000000e+00
-1.865610277402697526e-01
0.000000000000000000e+00
1.548705402368137293e-02
0.000000000000000000e+00
5.919634962077630069e-02
0.000000000000000000e+00
0.000000000000000000e+00
-3.392616976900086900e-02
-1.289520246207550014e-01
-2.160621270308403785e-01
-4.505438294314382253e-01
0.000000000000000000e+00
0.000000000000000000e+00
0.000000000000000000e+00
6.582275938278208116e-01
0.000000000000000000e+00
0.000000000000000000e+00
0.000000000000000000e+00
0.000000000000000000e+00
0.000000000000000000e+00
0.000000000000000000e+00
-3.612525464945387510e-01
0.000000000000000000e+00
0.000000000000000000e+00
7.384722486279678144e-02
1.970123991090401427e-01
0.000000000000000000e+00
9.929253074603890117e-02
0.000000000000000000e+00
0.000000000000000000e+00
0.000000000000000000e+00
6.850736999331760169e-01
0.000000000000000000e+00
-4.843143696601542869e-01
0.000000000000000000e+00
0.000000000000000000e+00
6.624664479236538894e-02
-1.867774540433500552e-01
-6.686381828477452362e-03
-3.363715934358139648e-01
0.000000000000000000e+00
0.000000000000000000e+00
0.000000000000000000e+00
0.000000000000000000e+00
1.119950487788529264e-01
0.000000000000000000e+00
0.000000000000000000e+00
5.316070731042751157e-02
0.000000000000000000e+00
-2.069137521992084672e+00
0.000000000000000000e+00
0.000000000000000000e+00
0.000000000000000000e+00
0.000000000000000000e+00
0.000000000000000000e+00
0.000000000000000000e+00
0.000000000000000000e+00
5.213292889679205754e-03
1.099977491685564801e-01
-8.567566345264447658e-02
0.000000000000000000e+00
0.000000000000000000e+00
-2.635586714696736693e-02
7.483727547314729112e-01
0.000000000000000000e+00
-1.592625668134414196e-01
0.000000000000000000e+00
0.000000000000000000e+00
0.000000000000000000e+00
0.000000000000000000e+00
-2.644401998625775518e-01
8.386275104967146898e-01
-6.074713212805925994e-02
3.575486260671382199e-01
3.039583813351128816e-01
0.000000000000000000e+00
-1.262626627850508831e-01
0.000000000000000000e+00
-4.918418323591670083e-01
0.000000000000000000e+00
0.000000000000000000e+00
-1.171968484775441494e-01
0.000000000000000000e+00
-1.076909750606043908e-01
-4.296351574804165296e-01
0.000000000000000000e+00
-1.530682285611709714e-01
1.210387433710552879e-01
0.000000000000000000e+00
0.000000000000000000e+00
-6.521165647762493522e-01
2.813973974840489056e-01
0.000000000000000000e+00
-2.051303993410960314e-01
0.000000000000000000e+00
1.354277633733076414e-01
0.000000000000000000e+00
0.000000000000000000e+00
0.000000000000000000e+00
0.000000000000000000e+00
-4.387364897190543789e-01
0.000000000000000000e+00
0.000000000000000000e+00
0.000000000000000000e+00
0.000000000000000000e+00
0.000000000000000000e+00
0.000000000000000000e+00
0.000000000000000000e+00
0.000000000000000000e+00
0.000000000000000000e+00
0.000000000000000000e+00
0.000000000000000000e+00
0.000000000000000000e+00
0.000000000000000000e+00
0.000000000000000000e+00
0.000000000000000000e+00
0.000000000000000000e+00
0.000000000000000000e+00
-1.053494357097669622e-02
0.000000000000000000e+00
0.000000000000000000e+00
-1.059611223745761110e-01
-5.355025192451101645e-02
0.000000000000000000e+00
0.000000000000000000e+00
-1.018485188846157685e-01
0.000000000000000000e+00
1.429024199433139408e+00
0.000000000000000000e+00
0.000000000000000000e+00
-1.904922369367398616e-01
0.000000000000000000e+00
0.000000000000000000e+00
0.000000000000000000e+00
0.000000000000000000e+00
0.000000000000000000e+00
0.000000000000000000e+00
0.000000000000000000e+00
5.752728277160168435e-01
-1.380733143097600917e-02
0.000000000000000000e+00
0.000000000000000000e+00
0.000000000000000000e+00
0.000000000000000000e+00
-8.082956935255773967e-01
0.000000000000000000e+00
0.000000000000000000e+00
0.000000000000000000e+00
5.013078050441830413e-01
0.000000000000000000e+00
-7.342557807175822959e-02
0.000000000000000000e+00
0.000000000000000000e+00
8.047607129655904856e-01
-1.901645753557884289e-01
-1.515989375635791447e-01
-8.791986078279109829e-02
0.000000000000000000e+00
0.000000000000000000e+00
-4.335575408564712463e-01
0.000000000000000000e+00
0.000000000000000000e+00
2.401505779904372917e-01
0.000000000000000000e+00
-8.988685820609719490e-02
7.835313004704864970e-02
0.000000000000000000e+00
0.000000000000000000e+00
1.097847885723250982e+00
0.000000000000000000e+00
7.041951875448646536e-01
1.041857250744716301e-01
0.000000000000000000e+00
0.000000000000000000e+00
1.183196875821863024e-02
0.000000000000000000e+00
0.000000000000000000e+00
2.146848929219865310e-01
0.000000000000000000e+00
0.000000000000000000e+00
0.000000000000000000e+00
3.273190377296202880e-01
0.000000000000000000e+00
0.000000000000000000e+00
-4.876048159923209585e-02
0.000000000000000000e+00
3.606121726096258445e-02
8.369055610273540280e-02
0.000000000000000000e+00
0.000000000000000000e+00
-3.058968320532693963e-01
0.000000000000000000e+00
-2.113147894618923606e-01
0.000000000000000000e+00
0.000000000000000000e+00
0.000000000000000000e+00
0.000000000000000000e+00
5.165700796228664959e-01
0.000000000000000000e+00
0.000000000000000000e+00
1.145170672739456580e-01
0.000000000000000000e+00
0.000000000000000000e+00
0.000000000000000000e+00
0.000000000000000000e+00
0.000000000000000000e+00
-3.021792757883817737e-01
-5.924109713915063358e-01
3.727810523586689434e-02
0.000000000000000000e+00
5.066659573685011742e-01
0.000000000000000000e+00
0.000000000000000000e+00
0.000000000000000000e+00
0.000000000000000000e+00
0.000000000000000000e+00
-1.388105678712438402e-02
0.000000000000000000e+00
0.000000000000000000e+00
0.000000000000000000e+00
0.000000000000000000e+00
0.000000000000000000e+00
0.000000000000000000e+00
0.000000000000000000e+00
-5.260175457599988169e-01
-2.467507241745694191e-01
0.000000000000000000e+00
0.000000000000000000e+00
0.000000000000000000e+00
0.000000000000000000e+00
9.068694417839531230e-01
0.000000000000000000e+00
1.360412270923510858e-01
-9.081125953427014730e-02
0.000000000000000000e+00
-1.465566021724760415e-01
4.997355937100354112e-02
0.000000000000000000e+00
0.000000000000000000e+00
0.000000000000000000e+00
0.000000000000000000e+00
5.114125823385234221e-02
0.000000000000000000e+00
-1.123215570827658771e+00
0.000000000000000000e+00
0.000000000000000000e+00
0.000000000000000000e+00
0.000000000000000000e+00
-7.585199352312247401e-01
0.000000000000000000e+00
0.000000000000000000e+00
0.000000000000000000e+00
0.000000000000000000e+00
-4.002537581659635496e-02
-9.767715585310626086e-03
0.000000000000000000e+00
0.000000000000000000e+00
0.000000000000000000e+00
0.000000000000000000e+00
0.000000000000000000e+00
-3.142778726627212249e-01
0.000000000000000000e+00
0.000000000000000000e+00
1.659324686454534681e-01
0.000000000000000000e+00
0.000000000000000000e+00
-2.272580088799835141e-01
0.000000000000000000e+00
0.000000000000000000e+00
-3.976617039851612079e-01
0.000000000000000000e+00
-1.845632083624856590e-01
0.000000000000000000e+00
0.000000000000000000e+00
0.000000000000000000e+00
-8.275063137645285449e-01
1.187516577840337928e-01
-1.555796007396516023e-01
0.000000000000000000e+00
0.000000000000000000e+00
4.375585092605845383e-01
-1.406574996151155610e-01
0.000000000000000000e+00
0.000000000000000000e+00
3.187576075576133844e-02
0.000000000000000000e+00
4.471435296530226755e-01
0.000000000000000000e+00
0.000000000000000000e+00
7.523635641383473460e-02
-2.996180215031765334e-02
-4.181112984288905543e-01
0.000000000000000000e+00
-6.992711334861106964e-02
0.000000000000000000e+00
0.000000000000000000e+00
-1.287104991805389786e-01
-4.334100383742943554e-05
0.000000000000000000e+00
0.000000000000000000e+00
-3.695091944465607736e-01
1.162322015573170331e-01
0.000000000000000000e+00
-2.751010256451954517e-01
0.000000000000000000e+00
0.000000000000000000e+00
-1.521734121002763229e-01
0.000000000000000000e+00
0.000000000000000000e+00
0.000000000000000000e+00
0.000000000000000000e+00
2.595712276774259641e-01
1.012455914623840297e-01
-4.635022198782495217e-01
2.415402190254821446e-01
3.790498989521017825e-01
0.000000000000000000e+00
-2.888956783649130333e-01
8.706912453998492951e-02
0.000000000000000000e+00
-4.000117182555647938e-02
0.000000000000000000e+00
0.000000000000000000e+00
0.000000000000000000e+00
0.000000000000000000e+00
-1.004080732226052125e-01
0.000000000000000000e+00
0.000000000000000000e+00
0.000000000000000000e+00
0.000000000000000000e+00
0.000000000000000000e+00
0.000000000000000000e+00
7.560250890657584100e-02
5.161005246143739456e-01
-1.588500070033236344e-01
1.374235907025049275e-01
0.000000000000000000e+00
0.000000000000000000e+00
0.000000000000000000e+00
0.000000000000000000e+00
0.000000000000000000e+00
-6.030144798563108477e-02
0.000000000000000000e+00
0.000000000000000000e+00
-4.010401762944336146e-01
0.000000000000000000e+00
0.000000000000000000e+00
0.000000000000000000e+00
0.000000000000000000e+00
0.000000000000000000e+00
0.000000000000000000e+00
-1.094188614628919698e+00
2.868754269145202263e-01
0.000000000000000000e+00
0.000000000000000000e+00
0.000000000000000000e+00
1.463408439398313776e-01
-5.415561014544265778e-02
0.000000000000000000e+00
0.000000000000000000e+00
1.972754990192643609e-01
0.000000000000000000e+00
0.000000000000000000e+00
-7.460944012267695102e-02
0.000000000000000000e+00
5.827661884508158474e-01
0.000000000000000000e+00
0.000000000000000000e+00
0.000000000000000000e+00
1.418617374135545950e-01
0.000000000000000000e+00
-7.870204076255095382e-02
0.000000000000000000e+00
0.000000000000000000e+00
-5.179445144997902456e-02
0.000000000000000000e+00
0.000000000000000000e+00
-1.448165472977714675e-02
0.000000000000000000e+00
0.000000000000000000e+00
0.000000000000000000e+00
-3.602412214854467526e-02
0.000000000000000000e+00
0.000000000000000000e+00
0.000000000000000000e+00
-9.031591490961775326e-02
0.000000000000000000e+00
2.314195874989525281e-01
-8.395398583757934449e-04
0.000000000000000000e+00
0.000000000000000000e+00
0.000000000000000000e+00
0.000000000000000000e+00
0.000000000000000000e+00
-5.665314424337456467e-01
0.000000000000000000e+00
0.000000000000000000e+00
0.000000000000000000e+00
0.000000000000000000e+00
0.000000000000000000e+00
0.000000000000000000e+00
-1.537652498673035273e-01
0.000000000000000000e+00
0.000000000000000000e+00
0.000000000000000000e+00
3.589777020159822807e-01
0.000000000000000000e+00
-2.908441523647897209e-01
-5.467881192820810421e-01
0.000000000000000000e+00
-6.566111544021235868e-01
3.858855970555717940e-01
0.000000000000000000e+00
0.000000000000000000e+00
-4.456326961193031178e-01
0.000000000000000000e+00
5.003921306101440925e-01
0.000000000000000000e+00
0.000000000000000000e+00
0.000000000000000000e+00
0.000000000000000000e+00
0.000000000000000000e+00
0.000000000000000000e+00
0.000000000000000000e+00
0.000000000000000000e+00
-2.740802164253912099e-01
0.000000000000000000e+00
0.000000000000000000e+00
-2.970745827997479660e-01
-1.472637125627789256e-01
0.000000000000000000e+00
-1.024570222140985115e-01
0.000000000000000000e+00
-1.045817047310668158e-02
0.000000000000000000e+00
1.481137219081509219e-03
0.000000000000000000e+00
0.000000000000000000e+00
0.000000000000000000e+00
0.000000000000000000e+00
0.000000000000000000e+00
0.000000000000000000e+00
0.000000000000000000e+00
0.000000000000000000e+00
0.000000000000000000e+00
4.607023014111726045e-02
0.000000000000000000e+00
0.000000000000000000e+00
0.000000000000000000e+00
2.115884999257252597e-01
6.456728512808080911e-01
0.000000000000000000e+00
-3.713839653235423421e-02
0.000000000000000000e+00
0.000000000000000000e+00
-1.177921354427959727e-01
-3.584860808242931740e-02
-2.600775447639854798e-01
0.000000000000000000e+00
3.939705706950208941e-01
0.000000000000000000e+00
0.000000000000000000e+00
0.000000000000000000e+00
0.000000000000000000e+00
5.829907110196579090e-02
-2.788503256471417946e-01
0.000000000000000000e+00
-3.665992869136623922e-01
-2.277321719613233653e-01
1.748429526406974632e-01
-4.171856243032711631e-01
-6.206877932190938418e-01
0.000000000000000000e+00
0.000000000000000000e+00
2.821980848854321183e-02
0.000000000000000000e+00
0.000000000000000000e+00
0.000000000000000000e+00
0.000000000000000000e+00
0.000000000000000000e+00
0.000000000000000000e+00
0.000000000000000000e+00
0.000000000000000000e+00
-1.410933307870687603e-01
0.000000000000000000e+00
0.000000000000000000e+00
0.000000000000000000e+00
-6.781610086943790257e-03
0.000000000000000000e+00
0.000000000000000000e+00
0.000000000000000000e+00
0.000000000000000000e+00
-1.184829712082048070e-01
2.058828105196769676e-01
0.000000000000000000e+00
0.000000000000000000e+00
0.000000000000000000e+00
0.000000000000000000e+00
0.000000000000000000e+00
0.000000000000000000e+00
0.000000000000000000e+00
-1.167862015838693202e-01
0.000000000000000000e+00
-1.760843424791352918e-01
0.000000000000000000e+00
0.000000000000000000e+00
-3.524647008613642218e-01
0.000000000000000000e+00
0.000000000000000000e+00
0.000000000000000000e+00
0.000000000000000000e+00
-3.300937949547910755e-01
3.568308546972752127e-01
0.000000000000000000e+00
-1.505059247972338841e-03
-7.536528751662378844e-02
0.000000000000000000e+00
0.000000000000000000e+00
0.000000000000000000e+00
-5.510943581908629013e-02
0.000000000000000000e+00
0.000000000000000000e+00
0.000000000000000000e+00
0.000000000000000000e+00
1.148212011167517171e-01
0.000000000000000000e+00
0.000000000000000000e+00
3.446391549538918575e-02
-1.367702467743530381e-01
0.000000000000000000e+00
0.000000000000000000e+00
0.000000000000000000e+00
0.000000000000000000e+00
0.000000000000000000e+00
0.000000000000000000e+00
0.000000000000000000e+00
0.000000000000000000e+00
1.113388491198469055e+00
0.000000000000000000e+00
0.000000000000000000e+00
0.000000000000000000e+00
0.000000000000000000e+00
0.000000000000000000e+00
-1.289215924407936809e-01
0.000000000000000000e+00
-1.620640468280136470e-01
0.000000000000000000e+00
0.000000000000000000e+00
0.000000000000000000e+00
0.000000000000000000e+00
0.000000000000000000e+00
0.000000000000000000e+00
6.175012582791024052e-01
0.000000000000000000e+00
0.000000000000000000e+00
0.000000000000000000e+00
-8.435589977728044642e-02
-8.628466294372869050e-02
-4.631195393616153733e-01
8.515871297657010563e-01
0.000000000000000000e+00
0.000000000000000000e+00
0.000000000000000000e+00
9.672328278347011588e-02
-1.116878627255085132e-01
-6.382478091131921216e-01
3.090975855883595358e-01
3.217376694841068696e-01
0.000000000000000000e+00
0.000000000000000000e+00
5.617883549078941247e-02
0.000000000000000000e+00
0.000000000000000000e+00
0.000000000000000000e+00
-9.163036541739046081e-02
0.000000000000000000e+00
0.000000000000000000e+00
0.000000000000000000e+00
0.000000000000000000e+00
0.000000000000000000e+00
0.000000000000000000e+00
0.000000000000000000e+00
0.000000000000000000e+00
0.000000000000000000e+00
0.000000000000000000e+00
-3.448112522387238310e-01
-3.666497830943847847e-01
1.659273215387151168e-01
0.000000000000000000e+00
0.000000000000000000e+00
0.000000000000000000e+00
1.832411235726180421e-01
0.000000000000000000e+00
-1.340216814841301007e-01
0.000000000000000000e+00
-2.572922368988154324e-02
0.000000000000000000e+00
-1.542696591959455410e-02
2.609203876219901019e-01
0.000000000000000000e+00
-5.431068329547274892e-02
0.000000000000000000e+00
-1.128873484729802229e-01
0.000000000000000000e+00
0.000000000000000000e+00
0.000000000000000000e+00
0.000000000000000000e+00
0.000000000000000000e+00
0.000000000000000000e+00
-5.836369501599682902e-02
0.000000000000000000e+00
-1.686529905280279018e-01
-3.015819836668390697e-03
-1.387437074233520695e-01
3.565366911600129085e-01
0.000000000000000000e+00
-9.451385095217300705e-03
-1.328035724452718280e-01
1.332126063285079764e+00
0.000000000000000000e+00
0.000000000000000000e+00
3.825119659881844880e-01
0.000000000000000000e+00
0.000000000000000000e+00
0.000000000000000000e+00
-1.755975377181816788e-01
4.173644827246094646e-01
2.530481923965104407e-01
0.000000000000000000e+00
0.000000000000000000e+00
4.052393463668686469e-01
-1.372653880199505572e-01
-1.066917895698604318e-01
3.687275732642191634e-02
0.000000000000000000e+00
0.000000000000000000e+00
0.000000000000000000e+00
-4.859843387088317868e-01
-5.722649975077510609e-01
0.000000000000000000e+00
5.346722152427096052e-03
0.000000000000000000e+00
5.599001319047008929e-02
0.000000000000000000e+00
0.000000000000000000e+00
0.000000000000000000e+00
7.885099148144437964e-02
0.000000000000000000e+00
0.000000000000000000e+00
6.805815092817744105e-01
-5.898394318329021335e-02
3.932449807303156630e-02
0.000000000000000000e+00
-2.989957059825563701e-01
0.000000000000000000e+00
0.000000000000000000e+00
0.000000000000000000e+00
0.000000000000000000e+00
0.000000000000000000e+00
0.000000000000000000e+00
0.000000000000000000e+00
0.000000000000000000e+00
0.000000000000000000e+00
8.939730079710155042e-02
-2.193972874394423955e-01
0.000000000000000000e+00
0.000000000000000000e+00
0.000000000000000000e+00
0.000000000000000000e+00
0.000000000000000000e+00
0.000000000000000000e+00
0.000000000000000000e+00
0.000000000000000000e+00
0.000000000000000000e+00
0.000000000000000000e+00
0.000000000000000000e+00
0.000000000000000000e+00
-5.120809803555875089e-02
0.000000000000000000e+00
0.000000000000000000e+00
0.000000000000000000e+00
0.000000000000000000e+00
-1.849593922619038044e-01
0.000000000000000000e+00
0.000000000000000000e+00
0.000000000000000000e+00
0.000000000000000000e+00
0.000000000000000000e+00
0.000000000000000000e+00
0.000000000000000000e+00
-3.159784079542848345e-01
-5.088797442768134838e-01
0.000000000000000000e+00
0.000000000000000000e+00
0.000000000000000000e+00
-6.192137152851744375e-01
0.000000000000000000e+00
-2.119821099219136584e-01
0.000000000000000000e+00
0.000000000000000000e+00
0.000000000000000000e+00
6.742832839972950909e-02
0.000000000000000000e+00
-1.949309030049308639e-02
0.000000000000000000e+00
2.328272329811026664e-01
-1.522714793378784071e-01
0.000000000000000000e+00
-5.321109844859688021e-02
-3.831565510231772775e-02
0.000000000000000000e+00
0.000000000000000000e+00
0.000000000000000000e+00
0.000000000000000000e+00
0.000000000000000000e+00
4.236867827303724132e-01
0.000000000000000000e+00
0.000000000000000000e+00
3.361496926863789536e-01
0.000000000000000000e+00
0.000000000000000000e+00
0.000000000000000000e+00
0.000000000000000000e+00
0.000000000000000000e+00
0.000000000000000000e+00
0.000000000000000000e+00
-1.182293563217986232e-01
-1.862386267972034881e-01
0.000000000000000000e+00
0.000000000000000000e+00
0.000000000000000000e+00
-3.934769039295965554e-01
-4.497281243006023138e-02
0.000000000000000000e+00
5.344332569749257189e-01
0.000000000000000000e+00
0.000000000000000000e+00
0.000000000000000000e+00
0.000000000000000000e+00
0.000000000000000000e+00
-3.046319761736062115e-01
-5.565151609044050388e-03
0.000000000000000000e+00
2.517323042801897226e-01
7.417135443436086162e-02
-2.086255094165021806e-01
-2.129530930753008866e-01
0.000000000000000000e+00
0.000000000000000000e+00
5.805172317558236067e-02
0.000000000000000000e+00
0.000000000000000000e+00
1.683804620010276032e-01
0.000000000000000000e+00
0.000000000000000000e+00
0.000000000000000000e+00
0.000000000000000000e+00
-1.031889264437199083e-01
0.000000000000000000e+00
0.000000000000000000e+00
0.000000000000000000e+00
0.000000000000000000e+00
0.000000000000000000e+00
-6.403594135570278567e-02
0.000000000000000000e+00
0.000000000000000000e+00
-5.451535509641876054e-01
0.000000000000000000e+00
0.000000000000000000e+00
0.000000000000000000e+00
-1.440509603782436088e-01
0.000000000000000000e+00
0.000000000000000000e+00
2.295458270047210370e-01
7.169818076862979894e-02
3.576588951614322331e-01
0.000000000000000000e+00
0.000000000000000000e+00
0.000000000000000000e+00
4.406607669838225605e-01
-6.518581010853012891e-01
-7.740735396334418039e-02
0.000000000000000000e+00
0.000000000000000000e+00
0.000000000000000000e+00
0.000000000000000000e+00
0.000000000000000000e+00
0.000000000000000000e+00
-1.795975715298619435e-01
0.000000000000000000e+00
0.000000000000000000e+00
0.000000000000000000e+00
2.624377886650898217e-01
0.000000000000000000e+00
0.000000000000000000e+00
0.000000000000000000e+00
0.000000000000000000e+00
-2.765566223717500494e-01
0.000000000000000000e+00
-5.690918952199247594e-02
2.320047862780572623e-01
-1.082589322658710218e-01
0.000000000000000000e+00
0.000000000000000000e+00
-4.369672453216631725e-02
0.000000000000000000e+00
0.000000000000000000e+00
0.000000000000000000e+00
0.000000000000000000e+00
0.000000000000000000e+00
0.000000000000000000e+00
-5.267231906932762220e-01
-2.167043779837998438e-02
0.000000000000000000e+00
0.000000000000000000e+00
0.000000000000000000e+00
0.000000000000000000e+00
-4.884088046107965542e-01
1.925905040970274928e-01
0.000000000000000000e+00
0.000000000000000000e+00
-7.682082958709399167e-02
0.000000000000000000e+00
-1.470295627164409369e-01
-3.762232035029488414e-02
0.000000000000000000e+00
4.294022272195383710e-02
0.000000000000000000e+00
0.000000000000000000e+00
0.000000000000000000e+00
0.000000000000000000e+00
0.000000000000000000e+00
0.000000000000000000e+00
0.000000000000000000e+00
-1.308998529482874595e-01
0.000000000000000000e+00
-3.597007730401333148e-01
1.399097866717482763e-01
0.000000000000000000e+00
0.000000000000000000e+00
0.000000000000000000e+00
0.000000000000000000e+00
0.000000000000000000e+00
0.000000000000000000e+00
9.200961406283677535e-01
0.000000000000000000e+00
0.000000000000000000e+00
0.000000000000000000e+00
0.000000000000000000e+00
4.646963608020255321e-01
0.000000000000000000e+00
0.000000000000000000e+00
0.000000000000000000e+00
0.000000000000000000e+00
-6.691325065958647622e-01
1.804281370881064273e-01
0.000000000000000000e+00
7.385247923428098771e-01
0.000000000000000000e+00
0.000000000000000000e+00
-2.519682293407435325e-01
0.000000000000000000e+00
0.000000000000000000e+00
0.000000000000000000e+00
0.000000000000000000e+00
0.000000000000000000e+00
0.000000000000000000e+00
0.000000000000000000e+00
-2.969802303305372204e-01
0.000000000000000000e+00
-6.536832305580404789e-02
-5.421096822924641456e-01
0.000000000000000000e+00
0.000000000000000000e+00
0.000000000000000000e+00
-2.525265806619823028e-01
0.000000000000000000e+00
0.000000000000000000e+00
0.000000000000000000e+00
0.000000000000000000e+00
3.226040439010358640e-01
0.000000000000000000e+00
0.000000000000000000e+00
-1.012414738769066985e-01
0.000000000000000000e+00
0.000000000000000000e+00
0.000000000000000000e+00
0.000000000000000000e+00
1.559144214314650556e-01
-1.274961917067534700e-01
0.000000000000000000e+00
1.541169859905458628e+00
0.000000000000000000e+00
0.000000000000000000e+00
0.000000000000000000e+00
2.641711411033850765e-01
3.845136883061016086e-01
-3.767948656600576124e-02
0.000000000000000000e+00
0.000000000000000000e+00
0.000000000000000000e+00
0.000000000000000000e+00
0.000000000000000000e+00
0.000000000000000000e+00
0.000000000000000000e+00
0.000000000000000000e+00
-1.710930527987758465e-01
0.000000000000000000e+00
-2.214215985814402265e-01
-6.717756722580775670e-03
0.000000000000000000e+00
0.000000000000000000e+00
0.000000000000000000e+00
0.000000000000000000e+00
0.000000000000000000e+00
0.000000000000000000e+00
0.000000000000000000e+00
0.000000000000000000e+00
-7.849358813942215463e-01
-2.133648091199563668e-01
0.000000000000000000e+00
0.000000000000000000e+00
-2.610752800302800214e-01
-1.478664268698552664e-01
0.000000000000000000e+00
0.000000000000000000e+00
2.507395886372113525e-01
0.000000000000000000e+00
0.000000000000000000e+00
-1.871545381740405689e-01
0.000000000000000000e+00
0.000000000000000000e+00
0.000000000000000000e+00
0.000000000000000000e+00
0.000000000000000000e+00
0.000000000000000000e+00
-1.880371470489392571e-01
-5.841483402023428528e-02
0.000000000000000000e+00
-1.032694663089451348e+00
0.000000000000000000e+00
-1.205066781782165586e-01
0.000000000000000000e+00
0.000000000000000000e+00
0.000000000000000000e+00
0.000000000000000000e+00
0.000000000000000000e+00
0.000000000000000000e+00
1.018738948315012771e-01
0.000000000000000000e+00
0.000000000000000000e+00
0.000000000000000000e+00
0.000000000000000000e+00
-7.668907930436245080e-01
-5.732181769094589763e-01
0.000000000000000000e+00
0.000000000000000000e+00
0.000000000000000000e+00
0.000000000000000000e+00
4.582083721144263877e-01
0.000000000000000000e+00
0.000000000000000000e+00
1.210151287452694568e-01
0.000000000000000000e+00
-1.634098481581926499e-01
0.000000000000000000e+00
0.000000000000000000e+00
0.000000000000000000e+00
0.000000000000000000e+00
0.000000000000000000e+00
0.000000000000000000e+00
0.000000000000000000e+00
0.000000000000000000e+00
0.000000000000000000e+00
0.000000000000000000e+00
0.000000000000000000e+00
0.000000000000000000e+00
0.000000000000000000e+00
-6.957878488268707251e-01
0.000000000000000000e+00
0.000000000000000000e+00
0.000000000000000000e+00
0.000000000000000000e+00
0.000000000000000000e+00
0.000000000000000000e+00
0.000000000000000000e+00
0.000000000000000000e+00
0.000000000000000000e+00
3.395078276632006870e-02
0.000000000000000000e+00
0.000000000000000000e+00
0.000000000000000000e+00
0.000000000000000000e+00
-1.746181760081433887e-01
-3.481426654609247051e-01
1.920854373142148047e-02
1.774046390884376906e-02
0.000000000000000000e+00
-3.770870674271415979e-01
0.000000000000000000e+00
-1.306280855565163657e-01
0.000000000000000000e+00
0.000000000000000000e+00
-2.532739093202581726e-01
0.000000000000000000e+00
0.000000000000000000e+00
0.000000000000000000e+00
2.775122608428980397e-01
0.000000000000000000e+00
0.000000000000000000e+00
0.000000000000000000e+00
-6.160193633513662004e-01
0.000000000000000000e+00
6.171714282121537609e-01
3.286849108774477779e-01
-6.200773167286549592e-01
0.000000000000000000e+00
0.000000000000000000e+00
0.000000000000000000e+00
0.000000000000000000e+00
0.000000000000000000e+00
0.000000000000000000e+00
4.047374555974231347e-01
0.000000000000000000e+00
-3.932938143380403373e-01
0.000000000000000000e+00
1.524228220106051690e-01
0.000000000000000000e+00
-1.478289896249538882e-01
0.000000000000000000e+00
0.000000000000000000e+00
0.000000000000000000e+00
0.000000000000000000e+00
0.000000000000000000e+00
-2.225977397814613012e-01
0.000000000000000000e+00
2.132168062567495193e-01
-1.738229053083845121e-01
0.000000000000000000e+00
0.000000000000000000e+00
0.000000000000000000e+00
0.000000000000000000e+00
-5.186578254772999941e-01
-1.980587163108718241e-01
0.000000000000000000e+00
0.000000000000000000e+00
0.000000000000000000e+00
0.000000000000000000e+00
0.000000000000000000e+00
0.000000000000000000e+00
0.000000000000000000e+00
0.000000000000000000e+00
0.000000000000000000e+00
1.730998907138161791e-01
-6.214565403129900245e-01
0.000000000000000000e+00
0.000000000000000000e+00
-1.916149127318262646e-01
0.000000000000000000e+00
-1.608932947481303277e-01
0.000000000000000000e+00
-7.086493267902910231e-02
0.000000000000000000e+00
0.000000000000000000e+00
0.000000000000000000e+00
0.000000000000000000e+00
0.000000000000000000e+00
0.000000000000000000e+00
-3.879924699967955415e-01
0.000000000000000000e+00
0.000000000000000000e+00
0.000000000000000000e+00
0.000000000000000000e+00
0.000000000000000000e+00
0.000000000000000000e+00
0.000000000000000000e+00
4.109334230466508281e-02
1.586145918480418582e-01
8.247393063858013962e-01
0.000000000000000000e+00
0.000000000000000000e+00
0.000000000000000000e+00
0.000000000000000000e+00
0.000000000000000000e+00
-1.553935461052413647e-01
0.000000000000000000e+00
0.000000000000000000e+00
2.607240358783130887e-02
0.000000000000000000e+00
0.000000000000000000e+00
-5.288436180614669579e-02
8.146010034278875489e-01
0.000000000000000000e+00
3.514516835775063387e-03
3.431848300628982940e-01
-3.600081273225467227e-01
0.000000000000000000e+00
0.000000000000000000e+00
0.000000000000000000e+00
-1.365015263353499264e-01
0.000000000000000000e+00
-7.119215358444035135e-02
0.000000000000000000e+00
0.000000000000000000e+00
0.000000000000000000e+00
-6.039537319883352823e-02
1.219201188810889458e-01
-1.190086647178677653e-01
0.000000000000000000e+00
0.000000000000000000e+00
0.000000000000000000e+00
0.000000000000000000e+00
0.000000000000000000e+00
0.000000000000000000e+00
0.000000000000000000e+00
0.000000000000000000e+00
0.000000000000000000e+00
0.000000000000000000e+00
0.000000000000000000e+00
-2.079013428420152243e-01
4.567434652482719737e-01
0.000000000000000000e+00
0.000000000000000000e+00
0.000000000000000000e+00
0.000000000000000000e+00
0.000000000000000000e+00
8.397422681383151510e-02
0.000000000000000000e+00
0.000000000000000000e+00
-6.486449116443279532e-03
0.000000000000000000e+00
0.000000000000000000e+00
0.000000000000000000e+00
-3.932379829774370616e-01
6.492623855901501206e-02
0.000000000000000000e+00
0.000000000000000000e+00
0.000000000000000000e+00
-1.626275137231535106e-01
0.000000000000000000e+00
0.000000000000000000e+00
0.000000000000000000e+00
-1.588672210924008399e-01
0.000000000000000000e+00
0.000000000000000000e+00
6.990704095442489274e-01
0.000000000000000000e+00
0.000000000000000000e+00
0.000000000000000000e+00
0.000000000000000000e+00
0.000000000000000000e+00
-2.035590631737415335e-01
0.000000000000000000e+00
0.000000000000000000e+00
-7.245997912566635654e-03
3.546224718235118506e-02
1.441121183540612916e-01
8.951080906946521365e-01
0.000000000000000000e+00
0.000000000000000000e+00
8.441303056508291103e-02
0.000000000000000000e+00
6.366409844144961527e-02
-9.811848940048115142e-02
0.000000000000000000e+00
7.099827117954025935e-02
0.000000000000000000e+00
0.000000000000000000e+00
5.974151248118684254e-01
-2.193109686709980855e-01
0.000000000000000000e+00
-1.224864203426258985e-01
-2.974777067605414715e-01
1.278610942635793890e-01
0.000000000000000000e+00
0.000000000000000000e+00
-4.415533068227111557e-01
0.000000000000000000e+00
0.000000000000000000e+00
2.970039215358043494e-01
-1.502494973426324321e-01
-2.816564549125512018e-01
0.000000000000000000e+00
2.137384795541834859e-01
0.000000000000000000e+00
-1.127311861645074187e-01
0.000000000000000000e+00
2.169738380661312971e-01
0.000000000000000000e+00
0.000000000000000000e+00
-8.899034594701331347e-02
0.000000000000000000e+00
6.559508277798568043e-01
1.702585967847579096e-01
0.000000000000000000e+00
0.000000000000000000e+00
4.356280541498182279e-02
0.000000000000000000e+00
0.000000000000000000e+00
0.000000000000000000e+00
0.000000000000000000e+00
-2.176317860569239593e-01
0.000000000000000000e+00
0.000000000000000000e+00
1.431654864133111160e-01
0.000000000000000000e+00
-5.360091854399681166e-01
0.000000000000000000e+00
0.000000000000000000e+00
-1.065215274487935210e-01
0.000000000000000000e+00
0.000000000000000000e+00
0.000000000000000000e+00
0.000000000000000000e+00
-2.135069238629576094e-01
-5.617598900712075238e-01
0.000000000000000000e+00
0.000000000000000000e+00
0.000000000000000000e+00
0.000000000000000000e+00
1.174383750336067261e-01
0.000000000000000000e+00
0.000000000000000000e+00
0.000000000000000000e+00
0.000000000000000000e+00
-1.839227673649204975e-01
0.000000000000000000e+00
-4.415997386484730725e-01
0.000000000000000000e+00
0.000000000000000000e+00
3.568180270494913375e-01
0.000000000000000000e+00
0.000000000000000000e+00
0.000000000000000000e+00
8.893292619756630879e-01
0.000000000000000000e+00
0.000000000000000000e+00
-2.064794209601645940e-03
0.000000000000000000e+00
0.000000000000000000e+00
0.000000000000000000e+00
0.000000000000000000e+00
0.000000000000000000e+00
0.000000000000000000e+00
0.000000000000000000e+00
3.569091166052239944e-02
0.000000000000000000e+00
0.000000000000000000e+00
0.000000000000000000e+00
3.888315256440208305e-03
0.000000000000000000e+00
8.052772324473442267e-02
-6.265235484706681290e-02
0.000000000000000000e+00
0.000000000000000000e+00
2.667698382035968777e-02
-5.957692572833063194e-01
0.000000000000000000e+00
0.000000000000000000e+00
6.507473308604928564e-01
0.000000000000000000e+00
0.000000000000000000e+00
9.449736212684893555e-02
-2.342526774456647753e-01
0.000000000000000000e+00
5.583682909413503759e-02
-3.079466565913154263e-01
2.779188407005504513e-01
-5.279108516796237049e-01
1.258489484420431126e-01
6.542291782673365086e-02
-2.940862977076679763e-01
0.000000000000000000e+00
0.000000000000000000e+00
-1.342659830242676766e-01
0.000000000000000000e+00
0.000000000000000000e+00
0.000000000000000000e+00
0.000000000000000000e+00
0.000000000000000000e+00
0.000000000000000000e+00
0.000000000000000000e+00
0.000000000000000000e+00
-5.322220176889654875e-01
2.388455502944790143e-01
-5.745727065536576639e-01
0.000000000000000000e+00
0.000000000000000000e+00
0.000000000000000000e+00
0.000000000000000000e+00
0.000000000000000000e+00
0.000000000000000000e+00
0.000000000000000000e+00
0.000000000000000000e+00
-1.720543294998237160e-01
0.000000000000000000e+00
-1.389950454743492103e-01
0.000000000000000000e+00
-4.869829564713626935e-01
0.000000000000000000e+00
0.000000000000000000e+00
0.000000000000000000e+00
4.670658674484690770e-02
0.000000000000000000e+00
0.000000000000000000e+00
-4.216194510530157230e-02
-1.326962936678676985e-01
0.000000000000000000e+00
0.000000000000000000e+00
0.000000000000000000e+00
9.571933663465018727e-01
0.000000000000000000e+00
0.000000000000000000e+00
-8.959660982526107542e-02
5.266143916423194904e-01
0.000000000000000000e+00
0.000000000000000000e+00
0.000000000000000000e+00
-8.156139324783033551e-02
0.000000000000000000e+00
0.000000000000000000e+00
-2.977094336953601816e-01
0.000000000000000000e+00
0.000000000000000000e+00
0.000000000000000000e+00
0.000000000000000000e+00
0.000000000000000000e+00
0.000000000000000000e+00
0.000000000000000000e+00
0.000000000000000000e+00
0.000000000000000000e+00
0.000000000000000000e+00
0.000000000000000000e+00
0.000000000000000000e+00
0.000000000000000000e+00
0.000000000000000000e+00
-2.617776580254640995e-01
-2.305933196111003280e-01
0.000000000000000000e+00
0.000000000000000000e+00
0.000000000000000000e+00
-4.331488649671247880e-03
0.000000000000000000e+00
2.568892822888841909e-01
0.000000000000000000e+00
0.000000000000000000e+00
-3.861484550048652903e-02
0.000000000000000000e+00
-1.945637801935064595e-02
4.959949576427661322e-01
0.000000000000000000e+00
0.000000000000000000e+00
2.126732189849818155e-01
0.000000000000000000e+00
-1.085262247995059937e-01
0.000000000000000000e+00
0.000000000000000000e+00
0.000000000000000000e+00
0.000000000000000000e+00
0.000000000000000000e+00
0.000000000000000000e+00
0.000000000000000000e+00
0.000000000000000000e+00
0.000000000000000000e+00
0.000000000000000000e+00
0.000000000000000000e+00
-4.680800827846978707e-01
0.000000000000000000e+00
0.000000000000000000e+00
0.000000000000000000e+00
0.000000000000000000e+00
0.000000000000000000e+00
-5.138871546404048807e-02
0.000000000000000000e+00
0.000000000000000000e+00
8.259863712520390533e-02
0.000000000000000000e+00
0.000000000000000000e+00
0.000000000000000000e+00
0.000000000000000000e+00
3.708179992859784169e-01
0.000000000000000000e+00
0.000000000000000000e+00
0.000000000000000000e+00
1.074658551872582496e-01
3.429157506394674426e-01
0.000000000000000000e+00
0.000000000000000000e+00
-2.798131240826608798e-03
0.000000000000000000e+00
0.000000000000000000e+00
0.000000000000000000e+00
-6.145001686232137023e-02
0.000000000000000000e+00
0.000000000000000000e+00
0.000000000000000000e+00
-6.324509012741513780e-01
0.000000000000000000e+00
0.000000000000000000e+00
0.000000000000000000e+00
0.000000000000000000e+00
0.000000000000000000e+00
0.000000000000000000e+00
0.000000000000000000e+00
-1.014293838475875259e-01
-3.339630047258131118e-03
-5.508277613135963841e-02
0.000000000000000000e+00
-4.853867054832113753e-02
0.000000000000000000e+00
-6.531004582552695226e-01
0.000000000000000000e+00
0.000000000000000000e+00
4.395299158071738765e-01
0.000000000000000000e+00
0.000000000000000000e+00
-6.724191880919194730e-02
0.000000000000000000e+00
0.000000000000000000e+00
0.000000000000000000e+00
2.230827184833711341e-01
0.000000000000000000e+00
0.000000000000000000e+00
0.000000000000000000e+00
0.000000000000000000e+00
-3.378859782169757464e-01
0.000000000000000000e+00
0.000000000000000000e+00
0.000000000000000000e+00
0.000000000000000000e+00
-2.394023902638239276e-01
0.000000000000000000e+00
0.000000000000000000e+00
-5.909730930438389374e-02
-1.425060775417332504e-01
0.000000000000000000e+00
0.000000000000000000e+00
0.000000000000000000e+00
4.405303443052829837e-01
0.000000000000000000e+00
-2.441998262022099242e-01
0.000000000000000000e+00
0.000000000000000000e+00
0.000000000000000000e+00
0.000000000000000000e+00
0.000000000000000000e+00
9.990655201829515830e-01
0.000000000000000000e+00
0.000000000000000000e+00
0.000000000000000000e+00
0.000000000000000000e+00
0.000000000000000000e+00
-3.228953339800416100e-01
0.000000000000000000e+00
0.000000000000000000e+00
0.000000000000000000e+00
2.456454153883711189e-01
0.000000000000000000e+00
0.000000000000000000e+00
0.000000000000000000e+00
2.374734911546121097e-01
1.306784768696022114e+00
0.000000000000000000e+00
4.647735995036741258e-02
-4.148817757967085407e-01
0.000000000000000000e+00
0.000000000000000000e+00
0.000000000000000000e+00
0.000000000000000000e+00
0.000000000000000000e+00
0.000000000000000000e+00
2.813954005612009923e-02
0.000000000000000000e+00
1.240062738457378133e-01
0.000000000000000000e+00
0.000000000000000000e+00
0.000000000000000000e+00
0.000000000000000000e+00
0.000000000000000000e+00
1.297817746062499555e-01
0.000000000000000000e+00
0.000000000000000000e+00
2.528075301812733877e-01
0.000000000000000000e+00
7.464224452588426040e-01
-5.966855907903864664e-02
0.000000000000000000e+00
0.000000000000000000e+00
0.000000000000000000e+00
0.000000000000000000e+00
0.000000000000000000e+00
0.000000000000000000e+00
0.000000000000000000e+00
0.000000000000000000e+00
0.000000000000000000e+00
1.779177997682361401e+00
1.109514158440628950e+00
0.000000000000000000e+00
0.000000000000000000e+00
0.000000000000000000e+00
-4.518149100490949643e-01
0.000000000000000000e+00
-1.789309374529757801e-01
0.000000000000000000e+00
0.000000000000000000e+00
-3.403820985379827913e-01
0.000000000000000000e+00
-3.196154261106500666e-02
0.000000000000000000e+00
-3.722913279168738598e-01
0.000000000000000000e+00
0.000000000000000000e+00
0.000000000000000000e+00
0.000000000000000000e+00
0.000000000000000000e+00
0.000000000000000000e+00
0.000000000000000000e+00
-2.682327492415107484e-01
0.000000000000000000e+00
0.000000000000000000e+00
0.000000000000000000e+00
-1.860918053633539571e-02
0.000000000000000000e+00
0.000000000000000000e+00
-5.119007591555669451e-02
0.000000000000000000e+00
0.000000000000000000e+00
4.965516296901352211e-01
0.000000000000000000e+00
0.000000000000000000e+00
0.000000000000000000e+00
-3.952242150526352749e-01
0.000000000000000000e+00
0.000000000000000000e+00
-2.634483236218184560e-02
0.000000000000000000e+00
-1.391725656715390169e-01
-2.550263305778809886e-01
0.000000000000000000e+00
0.000000000000000000e+00
-1.750034228271951653e-01
0.000000000000000000e+00
0.000000000000000000e+00
-1.660985710927204984e-01
0.000000000000000000e+00
0.000000000000000000e+00
0.000000000000000000e+00
0.000000000000000000e+00
0.000000000000000000e+00
0.000000000000000000e+00
0.000000000000000000e+00
-5.426505650240567857e-02
0.000000000000000000e+00
0.000000000000000000e+00
0.000000000000000000e+00
0.000000000000000000e+00
-5.302488317562448206e-02
0.000000000000000000e+00
2.878221838481415454e-02
0.000000000000000000e+00
-8.875142677205401232e-02
0.000000000000000000e+00
0.000000000000000000e+00
0.000000000000000000e+00
0.000000000000000000e+00
0.000000000000000000e+00
0.000000000000000000e+00
-8.779969204692926465e-02
0.000000000000000000e+00
0.000000000000000000e+00
0.000000000000000000e+00
0.000000000000000000e+00
0.000000000000000000e+00
0.000000000000000000e+00
0.000000000000000000e+00
0.000000000000000000e+00
0.000000000000000000e+00
0.000000000000000000e+00
0.000000000000000000e+00
-4.468552056483943852e-02
0.000000000000000000e+00
-4.129893142907457571e-01
0.000000000000000000e+00
0.000000000000000000e+00
0.000000000000000000e+00
0.000000000000000000e+00
-1.578704727354062476e-01
0.000000000000000000e+00
0.000000000000000000e+00
0.000000000000000000e+00
0.000000000000000000e+00
0.000000000000000000e+00
0.000000000000000000e+00
-1.488737691003831354e-01
0.000000000000000000e+00
0.000000000000000000e+00
0.000000000000000000e+00
-6.270984321713099496e-02
0.000000000000000000e+00
0.000000000000000000e+00
-2.392816369893295825e-01
0.000000000000000000e+00
1.192212584066038028e-01
0.000000000000000000e+00
0.000000000000000000e+00
0.000000000000000000e+00
0.000000000000000000e+00
0.000000000000000000e+00
0.000000000000000000e+00
-2.663251602359389958e-01
0.000000000000000000e+00
0.000000000000000000e+00
0.000000000000000000e+00
0.000000000000000000e+00
1.464350670168184376e-01
0.000000000000000000e+00
-3.637718028697323192e-01
0.000000000000000000e+00
-1.240296405117979894e+00
0.000000000000000000e+00
-2.661218791999981348e-01
0.000000000000000000e+00
0.000000000000000000e+00
3.900346709643752741e-01
-3.129022462436256702e-01
1.950785415840609188e-02
0.000000000000000000e+00
0.000000000000000000e+00
0.000000000000000000e+00
0.000000000000000000e+00
0.000000000000000000e+00
0.000000000000000000e+00
9.532855958737286306e-01
0.000000000000000000e+00
0.000000000000000000e+00
-1.697952312293714017e-01
0.000000000000000000e+00
0.000000000000000000e+00
0.000000000000000000e+00
-8.220037027714445221e-01
0.000000000000000000e+00
0.000000000000000000e+00
0.000000000000000000e+00
0.000000000000000000e+00
6.432355717962040531e-02
0.000000000000000000e+00
5.360798034776664833e-01
0.000000000000000000e+00
7.870166022644560500e-02
0.000000000000000000e+00
0.000000000000000000e+00
-3.500180886119654833e-01
0.000000000000000000e+00
0.000000000000000000e+00
-8.487182496657842690e-02
0.000000000000000000e+00
0.000000000000000000e+00
-1.058659091252327267e+00
0.000000000000000000e+00
2.974311768259793598e-01
7.873784315234216846e-01
0.000000000000000000e+00
0.000000000000000000e+00
0.000000000000000000e+00
0.000000000000000000e+00
0.000000000000000000e+00
0.000000000000000000e+00
0.000000000000000000e+00
-3.432498090200065688e-01
0.000000000000000000e+00
-3.587620782223293059e-01
0.000000000000000000e+00
0.000000000000000000e+00
0.000000000000000000e+00
0.000000000000000000e+00
5.788221002994586167e-02
1.694943574018772381e-01
0.000000000000000000e+00
2.611122628345260988e-01
0.000000000000000000e+00
-6.314070720346572907e-01
0.000000000000000000e+00
0.000000000000000000e+00
0.000000000000000000e+00
-4.999988710659586943e-01
0.000000000000000000e+00
1.843753342363918524e-01
0.000000000000000000e+00
0.000000000000000000e+00
0.000000000000000000e+00
0.000000000000000000e+00
0.000000000000000000e+00
0.000000000000000000e+00
0.000000000000000000e+00
5.821494524822534017e-02
0.000000000000000000e+00
0.000000000000000000e+00
0.000000000000000000e+00
0.000000000000000000e+00
0.000000000000000000e+00
0.000000000000000000e+00
-3.536934701941955583e-01
4.562735381805045343e-01
0.000000000000000000e+00
0.000000000000000000e+00
0.000000000000000000e+00
0.000000000000000000e+00
4.357154907288852130e-01
1.672830637317211308e-02
0.000000000000000000e+00
0.000000000000000000e+00
-5.465930702085698006e-02
0.000000000000000000e+00
8.150674109882988239e-01
-2.029553683539758457e-01
1.503074628674061775e-01
0.000000000000000000e+00
0.000000000000000000e+00
0.000000000000000000e+00
0.000000000000000000e+00
2.116290596564528448e-01
0.000000000000000000e+00
0.000000000000000000e+00
1.191560138797546742e+00
7.805200428490296494e-01
0.000000000000000000e+00
0.000000000000000000e+00
0.000000000000000000e+00
3.379144621445123731e-01
0.000000000000000000e+00
-2.725996924478634176e-01
0.000000000000000000e+00
-9.969841581449312429e-02
0.000000000000000000e+00
0.000000000000000000e+00
5.195485612885804017e-01
0.000000000000000000e+00
0.000000000000000000e+00
1.637040683902213356e-02
0.000000000000000000e+00
0.000000000000000000e+00
0.000000000000000000e+00
1.547880412786845350e-01
-5.319183059360715893e-01
-7.113385967902153828e-01
0.000000000000000000e+00
0.000000000000000000e+00
0.000000000000000000e+00
0.000000000000000000e+00
0.000000000000000000e+00
0.000000000000000000e+00
5.205701760253572674e-01
0.000000000000000000e+00
1.884227722378608028e-01
0.000000000000000000e+00
-2.695345586938104401e-02
0.000000000000000000e+00
0.000000000000000000e+00
0.000000000000000000e+00
0.000000000000000000e+00
0.000000000000000000e+00
0.000000000000000000e+00
0.000000000000000000e+00
-3.375027482843538373e-01
2.739045165252042002e-01
0.000000000000000000e+00
0.000000000000000000e+00
0.000000000000000000e+00
0.000000000000000000e+00
0.000000000000000000e+00
0.000000000000000000e+00
0.000000000000000000e+00
-9.725305195331344910e-03
0.000000000000000000e+00
0.000000000000000000e+00
0.000000000000000000e+00
0.000000000000000000e+00
-1.857649035993070574e-01
0.000000000000000000e+00
0.000000000000000000e+00
-1.033988691676037824e-01
0.000000000000000000e+00
0.000000000000000000e+00
0.000000000000000000e+00
0.000000000000000000e+00
5.675186641117612174e-01
0.000000000000000000e+00
0.000000000000000000e+00
-2.631787005593336226e-01
0.000000000000000000e+00
0.000000000000000000e+00
0.000000000000000000e+00
-4.763296681963120893e-02
0.000000000000000000e+00
7.057291356542221006e-02
0.000000000000000000e+00
0.000000000000000000e+00
0.000000000000000000e+00
0.000000000000000000e+00
0.000000000000000000e+00
0.000000000000000000e+00
0.000000000000000000e+00
-3.475425603119227658e-01
0.000000000000000000e+00
0.000000000000000000e+00
0.000000000000000000e+00
0.000000000000000000e+00
0.000000000000000000e+00
0.000000000000000000e+00
0.000000000000000000e+00
0.000000000000000000e+00
-8.170395478374437026e-02
0.000000000000000000e+00
0.000000000000000000e+00
0.000000000000000000e+00
0.000000000000000000e+00
0.000000000000000000e+00
0.000000000000000000e+00
0.000000000000000000e+00
3.593407256569257358e-02
-2.989561733364513516e-02
-5.855651664523168209e-01
0.000000000000000000e+00
0.000000000000000000e+00
1.699406106892528412e-01
3.268737201711297558e-01
0.000000000000000000e+00
0.000000000000000000e+00
0.000000000000000000e+00
0.000000000000000000e+00
0.000000000000000000e+00
0.000000000000000000e+00
2.105531600957384342e-01
-5.120685770046173868e-01
0.000000000000000000e+00
-1.099381529290548581e-01
0.000000000000000000e+00
0.000000000000000000e+00
0.000000000000000000e+00
0.000000000000000000e+00
0.000000000000000000e+00
0.000000000000000000e+00
0.000000000000000000e+00
0.000000000000000000e+00
0.000000000000000000e+00
0.000000000000000000e+00
-7.675383922415123239e-01
0.000000000000000000e+00
0.000000000000000000e+00
6.840165411882850321e-01
0.000000000000000000e+00
0.000000000000000000e+00
-3.504421801972073397e-02
0.000000000000000000e+00
1.148692981416486181e-01
0.000000000000000000e+00
0.000000000000000000e+00
0.000000000000000000e+00
0.000000000000000000e+00
0.000000000000000000e+00
0.000000000000000000e+00
0.000000000000000000e+00
0.000000000000000000e+00
0.000000000000000000e+00
0.000000000000000000e+00
0.000000000000000000e+00
0.000000000000000000e+00
3.439863429374424575e-01
0.000000000000000000e+00
6.006125242814570886e-02
0.000000000000000000e+00
0.000000000000000000e+00
0.000000000000000000e+00
0.000000000000000000e+00
0.000000000000000000e+00
-3.826921400507477672e-02
-5.046978983701780885e-01
0.000000000000000000e+00
0.000000000000000000e+00
0.000000000000000000e+00
0.000000000000000000e+00
-3.842604273090790556e-01
0.000000000000000000e+00
0.000000000000000000e+00
0.000000000000000000e+00
0.000000000000000000e+00
-1.045999724529552144e-01
0.000000000000000000e+00
0.000000000000000000e+00
0.000000000000000000e+00
0.000000000000000000e+00
0.000000000000000000e+00
3.244579404938137124e-01
0.000000000000000000e+00
0.000000000000000000e+00
0.000000000000000000e+00
0.000000000000000000e+00
-1.265531837521699510e-01
-1.698568939957364188e-01
0.000000000000000000e+00
-4.025908229831270252e-03
0.000000000000000000e+00
0.000000000000000000e+00
0.000000000000000000e+00
0.000000000000000000e+00
0.000000000000000000e+00
0.000000000000000000e+00
0.000000000000000000e+00
-5.775911179631140202e-01
0.000000000000000000e+00
0.000000000000000000e+00
0.000000000000000000e+00
0.000000000000000000e+00
-3.229051635108267648e-01
0.000000000000000000e+00
0.000000000000000000e+00
0.000000000000000000e+00
0.000000000000000000e+00
0.000000000000000000e+00
0.000000000000000000e+00
0.000000000000000000e+00
0.000000000000000000e+00
-3.212321998924882321e-02
0.000000000000000000e+00
0.000000000000000000e+00
0.000000000000000000e+00
0.000000000000000000e+00
-9.321408372434593359e-02
5.772040752411761177e-01
0.000000000000000000e+00
-2.501802838202616397e-01
0.000000000000000000e+00
0.000000000000000000e+00
0.000000000000000000e+00
0.000000000000000000e+00
0.000000000000000000e+00
-1.359982410933712749e-01
0.000000000000000000e+00
1.782631334877750676e-02
0.000000000000000000e+00
0.000000000000000000e+00
0.000000000000000000e+00
0.000000000000000000e+00
0.000000000000000000e+00
0.000000000000000000e+00
0.000000000000000000e+00
0.000000000000000000e+00
0.000000000000000000e+00
1.928078442278619298e-01
0.000000000000000000e+00
-3.413285952537177259e-01
-1.815508436100231326e-01
0.000000000000000000e+00
-8.323047237624041639e-01
0.000000000000000000e+00
0.000000000000000000e+00
7.564812708690992205e-01
0.000000000000000000e+00
0.000000000000000000e+00
0.000000000000000000e+00
0.000000000000000000e+00
0.000000000000000000e+00
0.000000000000000000e+00
0.000000000000000000e+00
0.000000000000000000e+00
0.000000000000000000e+00
0.000000000000000000e+00
0.000000000000000000e+00
1.312909924930063255e-01
0.000000000000000000e+00
0.000000000000000000e+00
0.000000000000000000e+00
0.000000000000000000e+00
-1.630742182741084789e-01
0.000000000000000000e+00
1.675508246191338702e-01
0.000000000000000000e+00
0.000000000000000000e+00
0.000000000000000000e+00
-1.036722230277661999e-01
-1.332435065382913786e+00
0.000000000000000000e+00
0.000000000000000000e+00
-5.328679850225809950e-02
0.000000000000000000e+00
9.863411315540676627e-02
4.133302067077354036e-01
4.681287075206558845e-01
0.000000000000000000e+00
0.000000000000000000e+00
0.000000000000000000e+00
-2.083115850356062268e-02
0.000000000000000000e+00
0.000000000000000000e+00
0.000000000000000000e+00
0.000000000000000000e+00
5.529655374967912262e-01
0.000000000000000000e+00
-2.473358568555310555e-01
0.000000000000000000e+00
0.000000000000000000e+00
0.000000000000000000e+00
-3.941773850398541112e-01
-6.356067702338559500e-02
0.000000000000000000e+00
0.000000000000000000e+00
0.000000000000000000e+00
-1.412456446482860117e-01
-3.661782133897449332e-01
0.000000000000000000e+00
1.085090834336162269e+00
0.000000000000000000e+00
0.000000000000000000e+00
0.000000000000000000e+00
0.000000000000000000e+00
1.072660701023664953e-01
0.000000000000000000e+00
0.000000000000000000e+00
0.000000000000000000e+00
0.000000000000000000e+00
0.000000000000000000e+00
0.000000000000000000e+00
0.000000000000000000e+00
0.000000000000000000e+00
0.000000000000000000e+00
-1.089888888528500521e+00
0.000000000000000000e+00
1.350130012851139538e-01
0.000000000000000000e+00
-2.449990499632452301e-01
0.000000000000000000e+00
0.000000000000000000e+00
0.000000000000000000e+00
0.000000000000000000e+00
0.000000000000000000e+00
0.000000000000000000e+00
6.324683547551990248e-02
0.000000000000000000e+00
0.000000000000000000e+00
0.000000000000000000e+00
0.000000000000000000e+00
5.673590952755879213e-01
0.000000000000000000e+00
-2.468585299397448030e-01
0.000000000000000000e+00
0.000000000000000000e+00
0.000000000000000000e+00
0.000000000000000000e+00
0.000000000000000000e+00
0.000000000000000000e+00
-4.326399634927557969e-01
0.000000000000000000e+00
0.000000000000000000e+00
0.000000000000000000e+00
-8.574941149492362746e-02
0.000000000000000000e+00
0.000000000000000000e+00
0.000000000000000000e+00
-2.012929222044226585e-01
-2.052355987486261801e-01
0.000000000000000000e+00
-2.620306371675210078e-02
0.000000000000000000e+00
0.000000000000000000e+00
8.423085775363637895e-01
0.000000000000000000e+00
0.000000000000000000e+00
-1.913326925210273588e-02
0.000000000000000000e+00
0.000000000000000000e+00
-6.553338208866756887e-01
0.000000000000000000e+00
0.000000000000000000e+00
0.000000000000000000e+00
0.000000000000000000e+00
0.000000000000000000e+00
0.000000000000000000e+00
0.000000000000000000e+00
0.000000000000000000e+00
0.000000000000000000e+00
0.000000000000000000e+00
0.000000000000000000e+00
0.000000000000000000e+00
9.591278156645183239e-02
0.000000000000000000e+00
0.000000000000000000e+00
0.000000000000000000e+00
-6.629290787175023958e-01
0.000000000000000000e+00
-9.199665937779934188e-02
0.000000000000000000e+00
0.000000000000000000e+00
2.118895204431582024e-01
1.018529306865183087e-01
0.000000000000000000e+00
0.000000000000000000e+00
-3.381284780801195877e-01
0.000000000000000000e+00
0.000000000000000000e+00
-3.931154490887801556e-01
0.000000000000000000e+00
0.000000000000000000e+00
0.000000000000000000e+00
0.000000000000000000e+00
0.000000000000000000e+00
1.598797368476275738e-01
0.000000000000000000e+00
0.000000000000000000e+00
0.000000000000000000e+00
-2.332070993130602454e-01
1.010828808972068282e+00
0.000000000000000000e+00
2.012505003868941128e-02
0.000000000000000000e+00
0.000000000000000000e+00
0.000000000000000000e+00
7.458509484853956262e-02
0.000000000000000000e+00
1.420081874852001214e+00
4.114725913772413479e-01
-9.370654779774593990e-02
0.000000000000000000e+00
0.000000000000000000e+00
1.359767273267943333e-01
0.000000000000000000e+00
0.000000000000000000e+00
0.000000000000000000e+00
0.000000000000000000e+00
0.000000000000000000e+00
-1.391360280234558155e-01
0.000000000000000000e+00
0.000000000000000000e+00
0.000000000000000000e+00
0.000000000000000000e+00
-1.053401301671086587e+00
0.000000000000000000e+00
0.000000000000000000e+00
0.000000000000000000e+00
0.000000000000000000e+00
0.000000000000000000e+00
0.000000000000000000e+00
0.000000000000000000e+00
3.008730877643325252e-01
0.000000000000000000e+00
0.000000000000000000e+00
1.949428940076222971e-01
0.000000000000000000e+00
-1.228522625535964641e-01
0.000000000000000000e+00
0.000000000000000000e+00
0.000000000000000000e+00
0.000000000000000000e+00
0.000000000000000000e+00
0.000000000000000000e+00
0.000000000000000000e+00
0.000000000000000000e+00
1.753737641232933908e-01
1.304737412756536319e+00
0.000000000000000000e+00
-3.628942267139200623e-02
0.000000000000000000e+00
0.000000000000000000e+00
0.000000000000000000e+00
-5.827766343762410400e-02
0.000000000000000000e+00
-1.349801163871739429e-01
0.000000000000000000e+00
0.000000000000000000e+00
3.632160300038007605e-01
0.000000000000000000e+00
0.000000000000000000e+00
-5.898507228359468613e-01
0.000000000000000000e+00
0.000000000000000000e+00
0.000000000000000000e+00
-2.395759242530521582e-01
0.000000000000000000e+00
0.000000000000000000e+00
1.297580489923380598e-01
-8.387104422993305053e-02
0.000000000000000000e+00
0.000000000000000000e+00
0.000000000000000000e+00
0.000000000000000000e+00
2.703216952957186447e-01
0.000000000000000000e+00
0.000000000000000000e+00
1.554068545919993660e+00
0.000000000000000000e+00
0.000000000000000000e+00
0.000000000000000000e+00
0.000000000000000000e+00
-4.269824650210873873e-02
0.000000000000000000e+00
0.000000000000000000e+00
0.000000000000000000e+00
0.000000000000000000e+00
0.000000000000000000e+00
4.099901586566535860e-02
-4.669527201782697756e-01
0.000000000000000000e+00
0.000000000000000000e+00
0.000000000000000000e+00
0.000000000000000000e+00
0.000000000000000000e+00
0.000000000000000000e+00
0.000000000000000000e+00
8.067269896448034938e-01
0.000000000000000000e+00
0.000000000000000000e+00
0.000000000000000000e+00
0.000000000000000000e+00
0.000000000000000000e+00
0.000000000000000000e+00
0.000000000000000000e+00
0.000000000000000000e+00
4.796915702223556593e-02
0.000000000000000000e+00
1.014360119383579395e+00
0.000000000000000000e+00
-9.543462989547363273e-02
0.000000000000000000e+00
0.000000000000000000e+00
0.000000000000000000e+00
0.000000000000000000e+00
1.590929671127429834e-01
0.000000000000000000e+00
4.890358046752175114e-01
1.707163156952520022e-01
-8.461973055643780273e-02
0.000000000000000000e+00
-4.675108644053210250e-01
0.000000000000000000e+00
0.000000000000000000e+00
0.000000000000000000e+00
-2.810026966415448135e-01
0.000000000000000000e+00
0.000000000000000000e+00
0.000000000000000000e+00
0.000000000000000000e+00
5.735364975373777874e-01
0.000000000000000000e+00
0.000000000000000000e+00
0.000000000000000000e+00
0.000000000000000000e+00
0.000000000000000000e+00
0.000000000000000000e+00
0.000000000000000000e+00
0.000000000000000000e+00
0.000000000000000000e+00
0.000000000000000000e+00
-5.068933227253989010e-02
0.000000000000000000e+00
0.000000000000000000e+00
0.000000000000000000e+00
7.674746299222144907e-01
0.000000000000000000e+00
0.000000000000000000e+00
0.000000000000000000e+00
0.000000000000000000e+00
0.000000000000000000e+00
0.000000000000000000e+00
-2.014765127100968667e-01
0.000000000000000000e+00
0.000000000000000000e+00
0.000000000000000000e+00
0.000000000000000000e+00
-4.358620968890886682e-01
4.091117256139345515e-01
-3.176422276015321566e-01
-2.760229591938019311e-01
0.000000000000000000e+00
0.000000000000000000e+00
0.000000000000000000e+00
0.000000000000000000e+00
0.000000000000000000e+00
-2.146859577316502510e-01
0.000000000000000000e+00
0.000000000000000000e+00
0.000000000000000000e+00
0.000000000000000000e+00
-8.396994462975618245e-02
0.000000000000000000e+00
0.000000000000000000e+00
0.000000000000000000e+00
0.000000000000000000e+00
0.000000000000000000e+00
0.000000000000000000e+00
0.000000000000000000e+00
0.000000000000000000e+00
0.000000000000000000e+00
1.007158970487521232e+00
5.114945433174490352e-01
0.000000000000000000e+00
0.000000000000000000e+00
0.000000000000000000e+00
0.000000000000000000e+00
5.741391921566242340e-01
6.554622688467602876e-01
0.000000000000000000e+00
3.516537218615706228e-01
0.000000000000000000e+00
0.000000000000000000e+00
0.000000000000000000e+00
-2.687123907059487116e-01
-3.865714083493446140e-01
0.000000000000000000e+00
0.000000000000000000e+00
-2.913177826715345753e-01
1.858555890437071367e-01
0.000000000000000000e+00
0.000000000000000000e+00
0.000000000000000000e+00
0.000000000000000000e+00
-1.822772617215136920e-02
0.000000000000000000e+00
0.000000000000000000e+00
0.000000000000000000e+00
0.000000000000000000e+00
1.231337526818429229e+00
0.000000000000000000e+00
0.000000000000000000e+00
0.000000000000000000e+00
0.000000000000000000e+00
0.000000000000000000e+00
0.000000000000000000e+00
0.000000000000000000e+00
0.000000000000000000e+00
0.000000000000000000e+00
0.000000000000000000e+00
3.396068690726603695e-02
0.000000000000000000e+00
0.000000000000000000e+00
1.532454541960658057e-01
0.000000000000000000e+00
1.710604214477607077e-01
0.000000000000000000e+00
-3.378809514895678712e-01
0.000000000000000000e+00
-8.438362927581714856e-02
4.761348116810776299e-02
0.000000000000000000e+00
0.000000000000000000e+00
-3.437571404763209992e-01
0.000000000000000000e+00
0.000000000000000000e+00
0.000000000000000000e+00
0.000000000000000000e+00
-3.173024855814253753e-01
0.000000000000000000e+00
-5.017788592864058650e-02
0.000000000000000000e+00
0.000000000000000000e+00
0.000000000000000000e+00
0.000000000000000000e+00
2.073519264062614054e-01
3.117463765823138069e-02
0.000000000000000000e+00
0.000000000000000000e+00
0.000000000000000000e+00
0.000000000000000000e+00
0.000000000000000000e+00
0.000000000000000000e+00
0.000000000000000000e+00
0.000000000000000000e+00
-3.794648284376631597e-01
0.000000000000000000e+00
0.000000000000000000e+00
0.000000000000000000e+00
0.000000000000000000e+00
1.234425969892202421e-02
0.000000000000000000e+00
0.000000000000000000e+00
-2.716783966245577275e-01
0.000000000000000000e+00
0.000000000000000000e+00
0.000000000000000000e+00
-9.685957913424401988e-02
-1.421301885437332990e-02
0.000000000000000000e+00
0.000000000000000000e+00
0.000000000000000000e+00
0.000000000000000000e+00
0.000000000000000000e+00
0.000000000000000000e+00
0.000000000000000000e+00
0.000000000000000000e+00
0.000000000000000000e+00
0.000000000000000000e+00
0.000000000000000000e+00
0.000000000000000000e+00
0.000000000000000000e+00
0.000000000000000000e+00
0.000000000000000000e+00
-2.129766741034316568e-01
0.000000000000000000e+00
0.000000000000000000e+00
6.851150510578397634e-01
0.000000000000000000e+00
0.000000000000000000e+00
-3.656565740182038393e-02
0.000000000000000000e+00
2.775805110567398648e-01
-1.889888755246042218e-01
0.000000000000000000e+00
-1.952069346502864622e-01
0.000000000000000000e+00
0.000000000000000000e+00
0.000000000000000000e+00
0.000000000000000000e+00
0.000000000000000000e+00
0.000000000000000000e+00
0.000000000000000000e+00
0.000000000000000000e+00
-6.137900402655123433e-02
0.000000000000000000e+00
-2.314136049000333484e-01
9.271525231120796295e-01
-3.511902095927800227e-01
0.000000000000000000e+00
0.000000000000000000e+00
-9.270422274634121385e-02
-4.134319365631159982e-01
1.537353996058119232e-01
0.000000000000000000e+00
0.000000000000000000e+00
0.000000000000000000e+00
0.000000000000000000e+00
-2.884226009977746696e-01
0.000000000000000000e+00
0.000000000000000000e+00
0.000000000000000000e+00
-9.124615081767109559e-02
0.000000000000000000e+00
-8.634080485977528585e-02
0.000000000000000000e+00
-1.664230162635603749e-01
0.000000000000000000e+00
0.000000000000000000e+00
0.000000000000000000e+00
0.000000000000000000e+00
0.000000000000000000e+00
0.000000000000000000e+00
0.000000000000000000e+00
0.000000000000000000e+00
-4.959964307423823104e-01
0.000000000000000000e+00
0.000000000000000000e+00
4.741665762195650946e-01
0.000000000000000000e+00
0.000000000000000000e+00
0.000000000000000000e+00
0.000000000000000000e+00
0.000000000000000000e+00
0.000000000000000000e+00
-9.705457991649369190e-03
-2.589465571019527457e-01
-7.910503648653907649e-02
2.837313971168886617e-01
9.728502857614427235e-01
0.000000000000000000e+00
0.000000000000000000e+00
0.000000000000000000e+00
0.000000000000000000e+00
0.000000000000000000e+00
0.000000000000000000e+00
0.000000000000000000e+00
0.000000000000000000e+00
0.000000000000000000e+00
0.000000000000000000e+00
1.359207532954969100e-01
0.000000000000000000e+00
1.197830357950076946e-01
0.000000000000000000e+00
0.000000000000000000e+00
0.000000000000000000e+00
0.000000000000000000e+00
0.000000000000000000e+00
-4.935964770691945169e-01
0.000000000000000000e+00
0.000000000000000000e+00
0.000000000000000000e+00
0.000000000000000000e+00
-5.290242146542515345e-01
0.000000000000000000e+00
-5.130150165052584921e-01
0.000000000000000000e+00
0.000000000000000000e+00
5.094561966842502815e-02
0.000000000000000000e+00
0.000000000000000000e+00
0.000000000000000000e+00
0.000000000000000000e+00
0.000000000000000000e+00
0.000000000000000000e+00
-6.067565302786235293e-01
0.000000000000000000e+00
0.000000000000000000e+00
0.000000000000000000e+00
0.000000000000000000e+00
0.000000000000000000e+00
0.000000000000000000e+00
0.000000000000000000e+00
0.000000000000000000e+00
-6.272188048977213326e-02
0.000000000000000000e+00
0.000000000000000000e+00
0.000000000000000000e+00
0.000000000000000000e+00
0.000000000000000000e+00
0.000000000000000000e+00
-5.828687662687622589e-02
0.000000000000000000e+00
-4.256390831898934635e-01
0.000000000000000000e+00
0.000000000000000000e+00
0.000000000000000000e+00
-5.498272973564165278e-02
0.000000000000000000e+00
0.000000000000000000e+00
0.000000000000000000e+00
0.000000000000000000e+00
0.000000000000000000e+00
0.000000000000000000e+00
-4.265378128392406376e-01
0.000000000000000000e+00
2.483529947276865435e-01
-6.346043699987372610e-01
2.022045868620994669e-02
-5.491048674100397209e-01
0.000000000000000000e+00
2.626255673968515003e-01
0.000000000000000000e+00
0.000000000000000000e+00
1.741102314774328474e-01
-4.084369694393740445e-03
0.000000000000000000e+00
0.000000000000000000e+00
0.000000000000000000e+00
0.000000000000000000e+00
0.000000000000000000e+00
0.000000000000000000e+00
0.000000000000000000e+00
0.000000000000000000e+00
0.000000000000000000e+00
0.000000000000000000e+00
0.000000000000000000e+00
0.000000000000000000e+00
-3.301377357839275772e-01
-1.049025943477778083e-01
0.000000000000000000e+00
0.000000000000000000e+00
0.000000000000000000e+00
0.000000000000000000e+00
0.000000000000000000e+00
0.000000000000000000e+00
-5.055065333774876046e-02
0.000000000000000000e+00
0.000000000000000000e+00
0.000000000000000000e+00
0.000000000000000000e+00
-1.505895255146615097e-01
0.000000000000000000e+00
0.000000000000000000e+00
0.000000000000000000e+00
-4.440917599050241832e-02
0.000000000000000000e+00
0.000000000000000000e+00
0.000000000000000000e+00
0.000000000000000000e+00
0.000000000000000000e+00
0.000000000000000000e+00
2.101064153648088319e-03
3.756709027694861147e-01
0.000000000000000000e+00
0.000000000000000000e+00
0.000000000000000000e+00
0.000000000000000000e+00
0.000000000000000000e+00
0.000000000000000000e+00
-2.312043789386729054e-01
0.000000000000000000e+00
0.000000000000000000e+00
-1.022478370649275298e-01
0.000000000000000000e+00
0.000000000000000000e+00
0.000000000000000000e+00
0.000000000000000000e+00
-7.636658428848591999e-04
0.000000000000000000e+00
0.000000000000000000e+00
0.000000000000000000e+00
0.000000000000000000e+00
0.000000000000000000e+00
0.000000000000000000e+00
0.000000000000000000e+00
2.173825348896962217e-01
-3.253956532423840642e-01
0.000000000000000000e+00
0.000000000000000000e+00
0.000000000000000000e+00
0.000000000000000000e+00
0.000000000000000000e+00
1.633568811331012893e-01
1.169471857445010532e-01
0.000000000000000000e+00
0.000000000000000000e+00
-7.348229686820881845e-01
0.000000000000000000e+00
0.000000000000000000e+00
0.000000000000000000e+00
-2.445774951039334510e-01
0.000000000000000000e+00
-3.352880175789144102e-01
0.000000000000000000e+00
-3.352324844421137318e-01
0.000000000000000000e+00
0.000000000000000000e+00
0.000000000000000000e+00
0.000000000000000000e+00
-6.504022248388388605e-02
0.000000000000000000e+00
0.000000000000000000e+00
0.000000000000000000e+00
-2.573819234639573295e-01
0.000000000000000000e+00
0.000000000000000000e+00
0.000000000000000000e+00
0.000000000000000000e+00
0.000000000000000000e+00
0.000000000000000000e+00
0.000000000000000000e+00
0.000000000000000000e+00
0.000000000000000000e+00
0.000000000000000000e+00
1.850403706718213859e-01
2.937713181396195972e-01
0.000000000000000000e+00
0.000000000000000000e+00
0.000000000000000000e+00
0.000000000000000000e+00
0.000000000000000000e+00
0.000000000000000000e+00
0.000000000000000000e+00
-1.784203467719159275e-01
-9.834096417871968088e-02
0.000000000000000000e+00
0.000000000000000000e+00
0.000000000000000000e+00
0.000000000000000000e+00
0.000000000000000000e+00
0.000000000000000000e+00
0.000000000000000000e+00
0.000000000000000000e+00
-5.094371108010181670e-02
8.087414604534920448e-01
0.000000000000000000e+00
0.000000000000000000e+00
0.000000000000000000e+00
2.753382046362245483e-01
8.258915461318472317e-02
3.289486562012067239e-01
0.000000000000000000e+00
7.787652243377877204e-01
0.000000000000000000e+00
0.000000000000000000e+00
6.907946282090858814e-01
3.335308707523775701e-02
0.000000000000000000e+00
0.000000000000000000e+00
0.000000000000000000e+00
0.000000000000000000e+00
0.000000000000000000e+00
1.939537989759100578e-01
-2.806081270917105963e-02
0.000000000000000000e+00
-5.268846088980690956e-01
0.000000000000000000e+00
0.000000000000000000e+00
1.527659369124079736e-01
1.156459334739026040e-01
0.000000000000000000e+00
-1.401960244516793908e-01
6.517717262519732990e-02
0.000000000000000000e+00
0.000000000000000000e+00
0.000000000000000000e+00
-5.236136791684590230e-01
-6.145527315519607597e-02
-6.671983506745903236e-01
0.000000000000000000e+00
0.000000000000000000e+00
2.968820902286864460e-01
0.000000000000000000e+00
0.000000000000000000e+00
0.000000000000000000e+00
-2.811996554932622017e-02
0.000000000000000000e+00
0.000000000000000000e+00
0.000000000000000000e+00
0.000000000000000000e+00
0.000000000000000000e+00
0.000000000000000000e+00
0.000000000000000000e+00
0.000000000000000000e+00
0.000000000000000000e+00
-4.800287543801280699e-02
0.000000000000000000e+00
0.000000000000000000e+00
0.000000000000000000e+00
-4.030436729254996409e-01
-1.844045758217600917e-01
0.000000000000000000e+00
0.000000000000000000e+00
2.410873664883141920e-01
0.000000000000000000e+00
1.447126964428318285e-01
0.000000000000000000e+00
0.000000000000000000e+00
0.000000000000000000e+00
-5.111077479719292604e-01
0.000000000000000000e+00
0.000000000000000000e+00
0.000000000000000000e+00
-1.806736086666775043e-01
0.000000000000000000e+00
-9.401938206195978309e-02
0.000000000000000000e+00
0.000000000000000000e+00
-6.120223246128739802e-01
0.000000000000000000e+00
0.000000000000000000e+00
1.418699914098020098e+00
0.000000000000000000e+00
0.000000000000000000e+00
0.000000000000000000e+00
0.000000000000000000e+00
0.000000000000000000e+00
0.000000000000000000e+00
0.000000000000000000e+00
0.000000000000000000e+00
0.000000000000000000e+00
0.000000000000000000e+00
0.000000000000000000e+00
0.000000000000000000e+00
0.000000000000000000e+00
0.000000000000000000e+00
0.000000000000000000e+00
-2.817662420913232824e-01
0.000000000000000000e+00
3.456233333588583090e-01
0.000000000000000000e+00
0.000000000000000000e+00
-3.990354304002752261e-02
1.053242102440596351e-01
0.000000000000000000e+00
0.000000000000000000e+00
0.000000000000000000e+00
1.778233893225606987e-01
0.000000000000000000e+00
-3.712653376444963738e-01
0.000000000000000000e+00
1.235237606785901249e-01
0.000000000000000000e+00
0.000000000000000000e+00
-5.769049800053922539e-01
0.000000000000000000e+00
-9.599450463699243929e-02
-3.780137115052372154e-01
0.000000000000000000e+00
1.346278786100391645e-01
0.000000000000000000e+00
0.000000000000000000e+00
1.295445216298652391e-01
0.000000000000000000e+00
0.000000000000000000e+00
0.000000000000000000e+00
-1.848297693206620573e-01
0.000000000000000000e+00
0.000000000000000000e+00
0.000000000000000000e+00
0.000000000000000000e+00
0.000000000000000000e+00
0.000000000000000000e+00
0.000000000000000000e+00
0.000000000000000000e+00
0.000000000000000000e+00
0.000000000000000000e+00
0.000000000000000000e+00
0.000000000000000000e+00
0.000000000000000000e+00
-5.765948957453773116e-02
0.000000000000000000e+00
0.000000000000000000e+00
0.000000000000000000e+00
-4.071976510787401748e-01
1.130432438095811398e-01
0.000000000000000000e+00
0.000000000000000000e+00
0.000000000000000000e+00
0.000000000000000000e+00
0.000000000000000000e+00
0.000000000000000000e+00
0.000000000000000000e+00
4.054347364410461063e-01
0.000000000000000000e+00
-7.175926123573010684e-02
0.000000000000000000e+00
0.000000000000000000e+00
-4.332021263138830652e-02
0.000000000000000000e+00
2.159555041669590780e-01
-1.555116508502338811e-02
0.000000000000000000e+00
9.851732135462464290e-01
0.000000000000000000e+00
0.000000000000000000e+00
1.305601900901898482e-01
0.000000000000000000e+00
0.000000000000000000e+00
0.000000000000000000e+00
0.000000000000000000e+00
0.000000000000000000e+00
0.000000000000000000e+00
0.000000000000000000e+00
0.000000000000000000e+00
-1.201334038096305290e-01
-4.871950159829324112e-01
0.000000000000000000e+00
0.000000000000000000e+00
0.000000000000000000e+00
0.000000000000000000e+00
-1.138995566852762514e-01
-1.111854314729539828e-01
7.228185598441393134e-02
0.000000000000000000e+00
-8.502475224604574833e-02
0.000000000000000000e+00
0.000000000000000000e+00
0.000000000000000000e+00
0.000000000000000000e+00
0.000000000000000000e+00
0.000000000000000000e+00
0.000000000000000000e+00
0.000000000000000000e+00
0.000000000000000000e+00
0.000000000000000000e+00
0.000000000000000000e+00
0.000000000000000000e+00
0.000000000000000000e+00
0.000000000000000000e+00
-3.785064530507799563e-01
0.000000000000000000e+00
0.000000000000000000e+00
0.000000000000000000e+00
0.000000000000000000e+00
0.000000000000000000e+00
7.358640026256475508e-01
0.000000000000000000e+00
0.000000000000000000e+00
0.000000000000000000e+00
0.000000000000000000e+00
0.000000000000000000e+00
0.000000000000000000e+00
0.000000000000000000e+00
0.000000000000000000e+00
0.000000000000000000e+00
0.000000000000000000e+00
0.000000000000000000e+00
0.000000000000000000e+00
0.000000000000000000e+00
0.000000000000000000e+00
0.000000000000000000e+00
0.000000000000000000e+00
0.000000000000000000e+00
0.000000000000000000e+00
0.000000000000000000e+00
0.000000000000000000e+00
0.000000000000000000e+00
0.000000000000000000e+00
0.000000000000000000e+00
0.000000000000000000e+00
5.766459175605916920e-01
0.000000000000000000e+00
0.000000000000000000e+00
0.000000000000000000e+00
0.000000000000000000e+00
0.000000000000000000e+00
2.261901644592615168e-01
0.000000000000000000e+00
0.000000000000000000e+00
0.000000000000000000e+00
0.000000000000000000e+00
0.000000000000000000e+00
0.000000000000000000e+00
0.000000000000000000e+00
0.000000000000000000e+00
0.000000000000000000e+00
0.000000000000000000e+00
3.395874102372714587e-01
0.000000000000000000e+00
0.000000000000000000e+00
0.000000000000000000e+00
0.000000000000000000e+00
9.951628235195446592e-01
0.000000000000000000e+00
0.000000000000000000e+00
0.000000000000000000e+00
0.000000000000000000e+00
0.000000000000000000e+00
0.000000000000000000e+00
0.000000000000000000e+00
0.000000000000000000e+00
0.000000000000000000e+00
0.000000000000000000e+00
0.000000000000000000e+00
6.506454076449477708e-02
0.000000000000000000e+00
0.000000000000000000e+00
0.000000000000000000e+00
0.000000000000000000e+00
0.000000000000000000e+00
0.000000000000000000e+00
0.000000000000000000e+00
0.000000000000000000e+00
0.000000000000000000e+00
0.000000000000000000e+00
2.420217812231247045e-01
0.000000000000000000e+00
0.000000000000000000e+00
0.000000000000000000e+00
0.000000000000000000e+00
0.000000000000000000e+00
0.000000000000000000e+00
0.000000000000000000e+00
0.000000000000000000e+00
0.000000000000000000e+00
0.000000000000000000e+00
0.000000000000000000e+00
-1.983689513043899177e-01
1.032791353061383727e-01
0.000000000000000000e+00
0.000000000000000000e+00
0.000000000000000000e+00
8.702673496929265451e-02
-6.746629434594789143e-02
-4.898852015008019201e-02
0.000000000000000000e+00
0.000000000000000000e+00
0.000000000000000000e+00
2.913681503691466501e-01
0.000000000000000000e+00
0.000000000000000000e+00
0.000000000000000000e+00
0.000000000000000000e+00
0.000000000000000000e+00
0.000000000000000000e+00
0.000000000000000000e+00
0.000000000000000000e+00
0.000000000000000000e+00
-7.969782775297857835e-01
0.000000000000000000e+00
0.000000000000000000e+00
2.315039317132142060e-01
0.000000000000000000e+00
0.000000000000000000e+00
-1.879603769827304927e-01
0.000000000000000000e+00
-1.224768756815279858e+00
-4.982334237026019713e-02
0.000000000000000000e+00
0.000000000000000000e+00
0.000000000000000000e+00
5.033647323465125778e-01
0.000000000000000000e+00
0.000000000000000000e+00
0.000000000000000000e+00
0.000000000000000000e+00
0.000000000000000000e+00
-5.626366789438695670e-02
0.000000000000000000e+00
-1.936594447870025604e-01
0.000000000000000000e+00
0.000000000000000000e+00
0.000000000000000000e+00
0.000000000000000000e+00
-8.962918406215386602e-02
0.000000000000000000e+00
0.000000000000000000e+00
0.000000000000000000e+00
0.000000000000000000e+00
0.000000000000000000e+00
7.793364116857254276e-01
0.000000000000000000e+00
-6.130934669610342835e-01
0.000000000000000000e+00
3.917351068800367098e-01
0.000000000000000000e+00
0.000000000000000000e+00
0.000000000000000000e+00
0.000000000000000000e+00
-3.309741924642016775e-01
4.273328813622797456e-02
0.000000000000000000e+00
-4.880467029748026264e-01
3.463469576735780375e-01
-4.212373943606027571e-01
0.000000000000000000e+00
2.096617537161797051e-01
-7.008044747839137223e-02
0.000000000000000000e+00
0.000000000000000000e+00
0.000000000000000000e+00
0.000000000000000000e+00
0.000000000000000000e+00
0.000000000000000000e+00
0.000000000000000000e+00
8.244588105643581022e-01
-6.687614841733988125e-02
0.000000000000000000e+00
0.000000000000000000e+00
0.000000000000000000e+00
0.000000000000000000e+00
0.000000000000000000e+00
9.466626273043345086e-02
0.000000000000000000e+00
-1.706599229553827646e-01
0.000000000000000000e+00
7.805109484850769608e-02
0.000000000000000000e+00
0.000000000000000000e+00
0.000000000000000000e+00
0.000000000000000000e+00
0.000000000000000000e+00
0.000000000000000000e+00
4.719634944701230905e-01
0.000000000000000000e+00
0.000000000000000000e+00
-2.021379634079183141e-02
0.000000000000000000e+00
0.000000000000000000e+00
4.247546292454731226e-02
0.000000000000000000e+00
0.000000000000000000e+00
0.000000000000000000e+00
0.000000000000000000e+00
0.000000000000000000e+00
0.000000000000000000e+00
0.000000000000000000e+00
0.000000000000000000e+00
0.000000000000000000e+00
0.000000000000000000e+00
0.000000000000000000e+00
0.000000000000000000e+00
8.617030665864118533e-02
0.000000000000000000e+00
0.000000000000000000e+00
0.000000000000000000e+00
0.000000000000000000e+00
0.000000000000000000e+00
2.773712596697981425e-01
0.000000000000000000e+00
0.000000000000000000e+00
0.000000000000000000e+00
0.000000000000000000e+00
0.000000000000000000e+00
0.000000000000000000e+00
-1.210619465970324826e-01
0.000000000000000000e+00
1.619851440277775834e-01
0.000000000000000000e+00
2.977173661812378413e-01
0.000000000000000000e+00
0.000000000000000000e+00
5.613090990442362940e-03
7.894306152158624412e-01
0.000000000000000000e+00
-4.022828165855252269e-01
0.000000000000000000e+00
4.035489963987825002e-01
0.000000000000000000e+00
0.000000000000000000e+00
0.000000000000000000e+00
0.000000000000000000e+00
0.000000000000000000e+00
0.000000000000000000e+00
0.000000000000000000e+00
0.000000000000000000e+00
0.000000000000000000e+00
3.596260831801170177e-01
0.000000000000000000e+00
0.000000000000000000e+00
-7.916443594661664029e-01
2.930334784358458178e-01
0.000000000000000000e+00
1.306880760720697143e+00
0.000000000000000000e+00
0.000000000000000000e+00
0.000000000000000000e+00
0.000000000000000000e+00
0.000000000000000000e+00
0.000000000000000000e+00
0.000000000000000000e+00
8.938939362524924714e-01
0.000000000000000000e+00
0.000000000000000000e+00
0.000000000000000000e+00
0.000000000000000000e+00
0.000000000000000000e+00
8.933942543828099492e-02
0.000000000000000000e+00
-6.158939997841776925e-01
0.000000000000000000e+00
-1.625059679920850056e-02
0.000000000000000000e+00
0.000000000000000000e+00
0.000000000000000000e+00
0.000000000000000000e+00
0.000000000000000000e+00
0.000000000000000000e+00
0.000000000000000000e+00
0.000000000000000000e+00
0.000000000000000000e+00
0.000000000000000000e+00
0.000000000000000000e+00
0.000000000000000000e+00
0.000000000000000000e+00
0.000000000000000000e+00
0.000000000000000000e+00
0.000000000000000000e+00
0.000000000000000000e+00
0.000000000000000000e+00
0.000000000000000000e+00
0.000000000000000000e+00
0.000000000000000000e+00
4.927009785358350130e-02
0.000000000000000000e+00
0.000000000000000000e+00
1.853938602229893706e-01
0.000000000000000000e+00
3.168430480965950813e-01
0.000000000000000000e+00
0.000000000000000000e+00
2.883140763861027800e+00
0.000000000000000000e+00
5.320971710100869112e-01
0.000000000000000000e+00
0.000000000000000000e+00
0.000000000000000000e+00
0.000000000000000000e+00
0.000000000000000000e+00
0.000000000000000000e+00
0.000000000000000000e+00
0.000000000000000000e+00
-5.310325893952144716e-01
0.000000000000000000e+00
0.000000000000000000e+00
0.000000000000000000e+00
0.000000000000000000e+00
0.000000000000000000e+00
0.000000000000000000e+00
0.000000000000000000e+00
0.000000000000000000e+00
-5.859582538082599990e-02
0.000000000000000000e+00
0.000000000000000000e+00
0.000000000000000000e+00
0.000000000000000000e+00
0.000000000000000000e+00
0.000000000000000000e+00
0.000000000000000000e+00
0.000000000000000000e+00
0.000000000000000000e+00
0.000000000000000000e+00
0.000000000000000000e+00
0.000000000000000000e+00
0.000000000000000000e+00
0.000000000000000000e+00
0.000000000000000000e+00
0.000000000000000000e+00
0.000000000000000000e+00
0.000000000000000000e+00
0.000000000000000000e+00
0.000000000000000000e+00
0.000000000000000000e+00
0.000000000000000000e+00
0.000000000000000000e+00
-2.831394837390307506e-01
0.000000000000000000e+00
0.000000000000000000e+00
0.000000000000000000e+00
0.000000000000000000e+00
0.000000000000000000e+00
0.000000000000000000e+00
0.000000000000000000e+00
0.000000000000000000e+00
0.000000000000000000e+00
0.000000000000000000e+00
-3.331673887981272397e-01
9.598353224987729582e-02
0.000000000000000000e+00
0.000000000000000000e+00
0.000000000000000000e+00
0.000000000000000000e+00
-4.233359927517120758e-01
0.000000000000000000e+00
0.000000000000000000e+00
0.000000000000000000e+00
0.000000000000000000e+00
0.000000000000000000e+00
0.000000000000000000e+00
0.000000000000000000e+00
0.000000000000000000e+00
0.000000000000000000e+00
0.000000000000000000e+00
0.000000000000000000e+00
0.000000000000000000e+00
0.000000000000000000e+00
0.000000000000000000e+00
-2.816220055204795014e-01
0.000000000000000000e+00
0.000000000000000000e+00
0.000000000000000000e+00
-2.664550889866709182e-01
9.795191934240452536e-01
0.000000000000000000e+00
0.000000000000000000e+00
0.000000000000000000e+00
0.000000000000000000e+00
5.634896159215563999e-02
0.000000000000000000e+00
0.000000000000000000e+00
0.000000000000000000e+00
0.000000000000000000e+00
0.000000000000000000e+00
0.000000000000000000e+00
0.000000000000000000e+00
0.000000000000000000e+00
0.000000000000000000e+00
0.000000000000000000e+00
0.000000000000000000e+00
1.259320432147048585e+00
0.000000000000000000e+00
0.000000000000000000e+00
0.000000000000000000e+00
0.000000000000000000e+00
0.000000000000000000e+00
0.000000000000000000e+00
0.000000000000000000e+00
-4.429885796095516803e-01
0.000000000000000000e+00
0.000000000000000000e+00
-1.737047828030136853e-01
0.000000000000000000e+00
0.000000000000000000e+00
0.000000000000000000e+00
0.000000000000000000e+00
0.000000000000000000e+00
0.000000000000000000e+00
-6.760785496099962211e-02
0.000000000000000000e+00
-4.584693122281595090e-01
0.000000000000000000e+00
0.000000000000000000e+00
0.000000000000000000e+00
0.000000000000000000e+00
0.000000000000000000e+00
-2.519169367444921703e-01
0.000000000000000000e+00
-4.729202847927883591e-01
0.000000000000000000e+00
0.000000000000000000e+00
0.000000000000000000e+00
0.000000000000000000e+00
0.000000000000000000e+00
0.000000000000000000e+00
0.000000000000000000e+00
0.000000000000000000e+00
0.000000000000000000e+00
0.000000000000000000e+00
-9.821640550700853900e-02
0.000000000000000000e+00
0.000000000000000000e+00
0.000000000000000000e+00
0.000000000000000000e+00
0.000000000000000000e+00
6.546698886715020087e-03
0.000000000000000000e+00
0.000000000000000000e+00
0.000000000000000000e+00
0.000000000000000000e+00
0.000000000000000000e+00
0.000000000000000000e+00
0.000000000000000000e+00
-2.215164345122803968e-02
0.000000000000000000e+00
0.000000000000000000e+00
0.000000000000000000e+00
0.000000000000000000e+00
1.524460053797431769e-01
0.000000000000000000e+00
0.000000000000000000e+00
0.000000000000000000e+00
0.000000000000000000e+00
0.000000000000000000e+00
0.000000000000000000e+00
-2.565711662215092517e-02
0.000000000000000000e+00
0.000000000000000000e+00
0.000000000000000000e+00
0.000000000000000000e+00
0.000000000000000000e+00
0.000000000000000000e+00
0.000000000000000000e+00
0.000000000000000000e+00
0.000000000000000000e+00
5.134658849354444277e-01
0.000000000000000000e+00
0.000000000000000000e+00
0.000000000000000000e+00
0.000000000000000000e+00
0.000000000000000000e+00
0.000000000000000000e+00
0.000000000000000000e+00
0.000000000000000000e+00
0.000000000000000000e+00
0.000000000000000000e+00
-2.714622183473764938e-01
0.000000000000000000e+00
0.000000000000000000e+00
0.000000000000000000e+00
0.000000000000000000e+00
0.000000000000000000e+00
3.848905476695252403e-02
0.000000000000000000e+00
-5.259358865259525923e-02
0.000000000000000000e+00
0.000000000000000000e+00
0.000000000000000000e+00
0.000000000000000000e+00
0.000000000000000000e+00
0.000000000000000000e+00
0.000000000000000000e+00
7.409968814435952122e-02
2.172820139657040961e-01
0.000000000000000000e+00
0.000000000000000000e+00
0.000000000000000000e+00
0.000000000000000000e+00
0.000000000000000000e+00
-8.214676064488175833e-02
0.000000000000000000e+00
-2.757011845582098553e-01
-1.237716341405993292e-01
0.000000000000000000e+00
0.000000000000000000e+00
1.890439271640917074e+00
0.000000000000000000e+00
0.000000000000000000e+00
0.000000000000000000e+00
0.000000000000000000e+00
0.000000000000000000e+00
0.000000000000000000e+00
0.000000000000000000e+00
0.000000000000000000e+00
0.000000000000000000e+00
0.000000000000000000e+00
0.000000000000000000e+00
0.000000000000000000e+00
0.000000000000000000e+00
0.000000000000000000e+00
0.000000000000000000e+00
0.000000000000000000e+00
0.000000000000000000e+00
0.000000000000000000e+00
0.000000000000000000e+00
1.711646836001224914e-01
-2.217775992548543518e-01
0.000000000000000000e+00
-2.034244832227427024e-01
0.000000000000000000e+00
0.000000000000000000e+00
-9.177477777009426241e-01
0.000000000000000000e+00
-3.620168357692324923e-01
0.000000000000000000e+00
-2.441745544739044038e-01
0.000000000000000000e+00
0.000000000000000000e+00
0.000000000000000000e+00
0.000000000000000000e+00
0.000000000000000000e+00
0.000000000000000000e+00
0.000000000000000000e+00
0.000000000000000000e+00
0.000000000000000000e+00
0.000000000000000000e+00
0.000000000000000000e+00
0.000000000000000000e+00
0.000000000000000000e+00
0.000000000000000000e+00
0.000000000000000000e+00
0.000000000000000000e+00
0.000000000000000000e+00
0.000000000000000000e+00
7.267993976675805878e-02
0.000000000000000000e+00
0.000000000000000000e+00
-3.968593464959102590e-02
0.000000000000000000e+00
0.000000000000000000e+00
0.000000000000000000e+00
0.000000000000000000e+00
0.000000000000000000e+00
0.000000000000000000e+00
0.000000000000000000e+00
0.000000000000000000e+00
0.000000000000000000e+00
0.000000000000000000e+00
0.000000000000000000e+00
0.000000000000000000e+00
0.000000000000000000e+00
0.000000000000000000e+00
0.000000000000000000e+00
0.000000000000000000e+00
0.000000000000000000e+00
0.000000000000000000e+00
0.000000000000000000e+00
0.000000000000000000e+00
0.000000000000000000e+00
0.000000000000000000e+00
0.000000000000000000e+00
-8.683516872588480373e-01
0.000000000000000000e+00
-5.410696987677874464e-02
0.000000000000000000e+00
-1.088320490879094715e-01
0.000000000000000000e+00
0.000000000000000000e+00
0.000000000000000000e+00
0.000000000000000000e+00
0.000000000000000000e+00
0.000000000000000000e+00
0.000000000000000000e+00
0.000000000000000000e+00
0.000000000000000000e+00
1.793563680364879120e-01
0.000000000000000000e+00
0.000000000000000000e+00
0.000000000000000000e+00
3.020340858818311158e-01
0.000000000000000000e+00
0.000000000000000000e+00
0.000000000000000000e+00
0.000000000000000000e+00
0.000000000000000000e+00
-5.063528632016214837e-02
0.000000000000000000e+00
0.000000000000000000e+00
0.000000000000000000e+00
0.000000000000000000e+00
9.888186916929217474e-02
0.000000000000000000e+00
0.000000000000000000e+00
0.000000000000000000e+00
0.000000000000000000e+00
0.000000000000000000e+00
0.000000000000000000e+00
0.000000000000000000e+00
0.000000000000000000e+00
0.000000000000000000e+00
0.000000000000000000e+00
0.000000000000000000e+00
0.000000000000000000e+00
0.000000000000000000e+00
0.000000000000000000e+00
0.000000000000000000e+00
0.000000000000000000e+00
0.000000000000000000e+00
0.000000000000000000e+00
0.000000000000000000e+00
0.000000000000000000e+00
9.609253269023489141e-02
0.000000000000000000e+00
0.000000000000000000e+00
-1.904217012358273009e-01
0.000000000000000000e+00
-4.806003057788695854e-01
0.000000000000000000e+00
1.786790107759694546e-01
0.000000000000000000e+00
0.000000000000000000e+00
0.000000000000000000e+00
0.000000000000000000e+00
0.000000000000000000e+00
0.000000000000000000e+00
0.000000000000000000e+00
-4.633487589993699231e-03
0.000000000000000000e+00
0.000000000000000000e+00
0.000000000000000000e+00
0.000000000000000000e+00
0.000000000000000000e+00
0.000000000000000000e+00
0.000000000000000000e+00
0.000000000000000000e+00
0.000000000000000000e+00
0.000000000000000000e+00
3.380161692562487219e-01
0.000000000000000000e+00
0.000000000000000000e+00
0.000000000000000000e+00
0.000000000000000000e+00
0.000000000000000000e+00
0.000000000000000000e+00
0.000000000000000000e+00
0.000000000000000000e+00
0.000000000000000000e+00
0.000000000000000000e+00
0.000000000000000000e+00
-4.102330844474668670e-01
0.000000000000000000e+00
0.000000000000000000e+00
0.000000000000000000e+00
0.000000000000000000e+00
0.000000000000000000e+00
0.000000000000000000e+00
0.000000000000000000e+00
0.000000000000000000e+00
0.000000000000000000e+00
0.000000000000000000e+00
0.000000000000000000e+00
0.000000000000000000e+00
0.000000000000000000e+00
0.000000000000000000e+00
0.000000000000000000e+00
0.000000000000000000e+00
0.000000000000000000e+00
-3.366235297042785568e-02
4.393492066075992131e-02
0.000000000000000000e+00
0.000000000000000000e+00
0.000000000000000000e+00
0.000000000000000000e+00
0.000000000000000000e+00
0.000000000000000000e+00
0.000000000000000000e+00
0.000000000000000000e+00
0.000000000000000000e+00
0.000000000000000000e+00
0.000000000000000000e+00
0.000000000000000000e+00
0.000000000000000000e+00
0.000000000000000000e+00
0.000000000000000000e+00
0.000000000000000000e+00
0.000000000000000000e+00
3.693942214696232518e-01
0.000000000000000000e+00
0.000000000000000000e+00
0.000000000000000000e+00
-3.163166398524773770e-01
0.000000000000000000e+00
-1.456804855006294669e-02
0.000000000000000000e+00
0.000000000000000000e+00
0.000000000000000000e+00
0.000000000000000000e+00
0.000000000000000000e+00
0.000000000000000000e+00
0.000000000000000000e+00
0.000000000000000000e+00
0.000000000000000000e+00
0.000000000000000000e+00
-8.847410494962404393e-02
0.000000000000000000e+00
0.000000000000000000e+00
-1.575475919859279164e-02
0.000000000000000000e+00
8.551767647937170980e-02
-3.425226441094856300e-01
0.000000000000000000e+00
-8.087779605147610296e-02
0.000000000000000000e+00
0.000000000000000000e+00
0.000000000000000000e+00
1.212737508291381605e-01
0.000000000000000000e+00
0.000000000000000000e+00
0.000000000000000000e+00
0.000000000000000000e+00
1.245784551621749725e-01
0.000000000000000000e+00
0.000000000000000000e+00
0.000000000000000000e+00
0.000000000000000000e+00
0.000000000000000000e+00
0.000000000000000000e+00
0.000000000000000000e+00
0.000000000000000000e+00
0.000000000000000000e+00
0.000000000000000000e+00
0.000000000000000000e+00
0.000000000000000000e+00
0.000000000000000000e+00
3.835271274888869819e-02
0.000000000000000000e+00
0.000000000000000000e+00
0.000000000000000000e+00
0.000000000000000000e+00
0.000000000000000000e+00
0.000000000000000000e+00
0.000000000000000000e+00
0.000000000000000000e+00
0.000000000000000000e+00
0.000000000000000000e+00
0.000000000000000000e+00
0.000000000000000000e+00
0.000000000000000000e+00
0.000000000000000000e+00
-1.075520777782253828e-01
0.000000000000000000e+00
0.000000000000000000e+00
0.000000000000000000e+00
0.000000000000000000e+00
0.000000000000000000e+00
0.000000000000000000e+00
0.000000000000000000e+00
0.000000000000000000e+00
0.000000000000000000e+00
0.000000000000000000e+00
-4.619234398785639073e-02
0.000000000000000000e+00
0.000000000000000000e+00
0.000000000000000000e+00
0.000000000000000000e+00
0.000000000000000000e+00
4.787308559478456460e-02
0.000000000000000000e+00
0.000000000000000000e+00
0.000000000000000000e+00
0.000000000000000000e+00
0.000000000000000000e+00
1.428029287548184534e-01
0.000000000000000000e+00
0.000000000000000000e+00
0.000000000000000000e+00
0.000000000000000000e+00
0.000000000000000000e+00
0.000000000000000000e+00
0.000000000000000000e+00
0.000000000000000000e+00
0.000000000000000000e+00
0.000000000000000000e+00
0.000000000000000000e+00
0.000000000000000000e+00
0.000000000000000000e+00
2.540917514053677717e-01
0.000000000000000000e+00
2.321906436755613035e-01
0.000000000000000000e+00
0.000000000000000000e+00
0.000000000000000000e+00
0.000000000000000000e+00
0.000000000000000000e+00
0.000000000000000000e+00
0.000000000000000000e+00
0.000000000000000000e+00
0.000000000000000000e+00
0.000000000000000000e+00
0.000000000000000000e+00
0.000000000000000000e+00
0.000000000000000000e+00
0.000000000000000000e+00
0.000000000000000000e+00
-2.522020916521839906e-01
0.000000000000000000e+00
-6.836098865981893313e-02
0.000000000000000000e+00
8.130078781713895308e-02
0.000000000000000000e+00
0.000000000000000000e+00
0.000000000000000000e+00
-6.948682587454664272e-01
0.000000000000000000e+00
-7.024351599851069716e-02
0.000000000000000000e+00
0.000000000000000000e+00
0.000000000000000000e+00
0.000000000000000000e+00
0.000000000000000000e+00
0.000000000000000000e+00
0.000000000000000000e+00
0.000000000000000000e+00
0.000000000000000000e+00
0.000000000000000000e+00
5.217433346254867210e-01
0.000000000000000000e+00
0.000000000000000000e+00
0.000000000000000000e+00
0.000000000000000000e+00
0.000000000000000000e+00
7.180127174734500517e-02
0.000000000000000000e+00
0.000000000000000000e+00
0.000000000000000000e+00
0.000000000000000000e+00
0.000000000000000000e+00
0.000000000000000000e+00
0.000000000000000000e+00
0.000000000000000000e+00
0.000000000000000000e+00
0.000000000000000000e+00
-1.790480846227608391e-01
0.000000000000000000e+00
0.000000000000000000e+00
0.000000000000000000e+00
1.085360620109701579e-01
6.064020613358666045e-01
0.000000000000000000e+00
0.000000000000000000e+00
0.000000000000000000e+00
0.000000000000000000e+00
0.000000000000000000e+00
0.000000000000000000e+00
0.000000000000000000e+00
-2.628003278307945445e-01
0.000000000000000000e+00
0.000000000000000000e+00
0.000000000000000000e+00
7.631194746053563405e-01
2.504102705607724744e-01
0.000000000000000000e+00
0.000000000000000000e+00
0.000000000000000000e+00
0.000000000000000000e+00
0.000000000000000000e+00
0.000000000000000000e+00
0.000000000000000000e+00
0.000000000000000000e+00
0.000000000000000000e+00
0.000000000000000000e+00
0.000000000000000000e+00
0.000000000000000000e+00
6.440217584958439767e-01
-2.986505787401215750e-01
0.000000000000000000e+00
0.000000000000000000e+00
0.000000000000000000e+00
0.000000000000000000e+00
0.000000000000000000e+00
-1.312158825386558481e-01
0.000000000000000000e+00
0.000000000000000000e+00
0.000000000000000000e+00
0.000000000000000000e+00
0.000000000000000000e+00
0.000000000000000000e+00
0.000000000000000000e+00
1.028356673074709349e+00
0.000000000000000000e+00
0.000000000000000000e+00
-7.604535278165078793e-01
-2.551846315648313435e-01
0.000000000000000000e+00
0.000000000000000000e+00
3.012180642291833466e-01
0.000000000000000000e+00
0.000000000000000000e+00
0.000000000000000000e+00
0.000000000000000000e+00
0.000000000000000000e+00
5.499647534910873103e-01
0.000000000000000000e+00
0.000000000000000000e+00
3.611877062751057132e-01
0.000000000000000000e+00
0.000000000000000000e+00
1.001197000051820829e-01
0.000000000000000000e+00
0.000000000000000000e+00
0.000000000000000000e+00
0.000000000000000000e+00
0.000000000000000000e+00
0.000000000000000000e+00
0.000000000000000000e+00
-1.490107525333263516e-01
0.000000000000000000e+00
-9.676841662162102842e-02
-6.312197662712625001e-02
0.000000000000000000e+00
0.000000000000000000e+00
1.015011988797694276e+00
0.000000000000000000e+00
0.000000000000000000e+00
0.000000000000000000e+00
0.000000000000000000e+00
0.000000000000000000e+00
0.000000000000000000e+00
0.000000000000000000e+00
0.000000000000000000e+00
0.000000000000000000e+00
0.000000000000000000e+00
4.565280083952178575e-02
0.000000000000000000e+00
0.000000000000000000e+00
0.000000000000000000e+00
0.000000000000000000e+00
0.000000000000000000e+00
0.000000000000000000e+00
0.000000000000000000e+00
0.000000000000000000e+00
-2.124059785936472933e-01
-2.002422228883830868e-01
0.000000000000000000e+00
0.000000000000000000e+00
0.000000000000000000e+00
-5.704474916245882987e-01
4.384820181584971333e-01
-3.040392932013799565e-01
0.000000000000000000e+00
0.000000000000000000e+00
0.000000000000000000e+00
0.000000000000000000e+00
0.000000000000000000e+00
0.000000000000000000e+00
0.000000000000000000e+00
0.000000000000000000e+00
-1.976584052484586518e-01
0.000000000000000000e+00
0.000000000000000000e+00
0.000000000000000000e+00
-7.791980244525505139e-02
2.634600800582339031e-01
1.232181045443334344e-01
1.527569600677246564e+00
0.000000000000000000e+00
0.000000000000000000e+00
0.000000000000000000e+00
0.000000000000000000e+00
0.000000000000000000e+00
0.000000000000000000e+00
0.000000000000000000e+00
-6.028780281122853024e-02
3.739483124570148753e-01
0.000000000000000000e+00
0.000000000000000000e+00
0.000000000000000000e+00
0.000000000000000000e+00
0.000000000000000000e+00
0.000000000000000000e+00
0.000000000000000000e+00
0.000000000000000000e+00
1.811217386262910789e-01
-2.568687954746048385e-01
0.000000000000000000e+00
0.000000000000000000e+00
0.000000000000000000e+00
0.000000000000000000e+00
0.000000000000000000e+00
0.000000000000000000e+00
0.000000000000000000e+00
0.000000000000000000e+00
-1.630156199126776284e-01
0.000000000000000000e+00
0.000000000000000000e+00
0.000000000000000000e+00
0.000000000000000000e+00
0.000000000000000000e+00
0.000000000000000000e+00
0.000000000000000000e+00
0.000000000000000000e+00
-6.696088454026806192e-01
0.000000000000000000e+00
0.000000000000000000e+00
0.000000000000000000e+00
0.000000000000000000e+00
-1.045418720486685604e+00
0.000000000000000000e+00
0.000000000000000000e+00
0.000000000000000000e+00
2.328703658939758891e-01
0.000000000000000000e+00
0.000000000000000000e+00
0.000000000000000000e+00
0.000000000000000000e+00
0.000000000000000000e+00
0.000000000000000000e+00
0.000000000000000000e+00
0.000000000000000000e+00
0.000000000000000000e+00
0.000000000000000000e+00
0.000000000000000000e+00
0.000000000000000000e+00
0.000000000000000000e+00
3.108443209858224310e-01
0.000000000000000000e+00
-1.303305406022693853e-02
0.000000000000000000e+00
-2.731712447821318945e-01
0.000000000000000000e+00
0.000000000000000000e+00
-1.019882292226273746e-01
0.000000000000000000e+00
0.000000000000000000e+00
1.414222588021268878e-01
0.000000000000000000e+00
0.000000000000000000e+00
0.000000000000000000e+00
0.000000000000000000e+00
0.000000000000000000e+00
0.000000000000000000e+00
0.000000000000000000e+00
0.000000000000000000e+00
0.000000000000000000e+00
0.000000000000000000e+00
0.000000000000000000e+00
0.000000000000000000e+00
0.000000000000000000e+00
0.000000000000000000e+00
0.000000000000000000e+00
0.000000000000000000e+00
0.000000000000000000e+00
0.000000000000000000e+00
0.000000000000000000e+00
0.000000000000000000e+00
0.000000000000000000e+00
0.000000000000000000e+00
0.000000000000000000e+00
5.313571273097354997e-01
0.000000000000000000e+00
0.000000000000000000e+00
0.000000000000000000e+00
0.000000000000000000e+00
0.000000000000000000e+00
0.000000000000000000e+00
6.315625782543864419e-01
0.000000000000000000e+00
0.000000000000000000e+00
0.000000000000000000e+00
0.000000000000000000e+00
0.000000000000000000e+00
0.000000000000000000e+00
0.000000000000000000e+00
0.000000000000000000e+00
-1.374371056013556358e-01
-1.148415313988154773e+00
0.000000000000000000e+00
0.000000000000000000e+00
0.000000000000000000e+00
-4.738125705914972841e-01
7.498226449646540337e-02
0.000000000000000000e+00
0.000000000000000000e+00
0.000000000000000000e+00
-2.252072793406452098e-02
1.319792713078786317e+00
0.000000000000000000e+00
0.000000000000000000e+00
-3.561318935983451284e-01
0.000000000000000000e+00
1.687896965312250808e-01
0.000000000000000000e+00
-5.974788790975291836e-02
0.000000000000000000e+00
7.328233342703215358e-01
0.000000000000000000e+00
-2.593178706791351637e-02
0.000000000000000000e+00
0.000000000000000000e+00
0.000000000000000000e+00
0.000000000000000000e+00
0.000000000000000000e+00
0.000000000000000000e+00
0.000000000000000000e+00
0.000000000000000000e+00
0.000000000000000000e+00
0.000000000000000000e+00
0.000000000000000000e+00
-7.408304688769926649e-01
0.000000000000000000e+00
1.324340927397045509e-01
7.714305400700307569e-01
0.000000000000000000e+00
0.000000000000000000e+00
0.000000000000000000e+00
0.000000000000000000e+00
0.000000000000000000e+00
-1.292250006418124431e-01
9.906458905659000225e-01
0.000000000000000000e+00
0.000000000000000000e+00
0.000000000000000000e+00
1.775968401381639583e-01
-2.146146094809854576e-01
0.000000000000000000e+00
0.000000000000000000e+00
0.000000000000000000e+00
0.000000000000000000e+00
0.000000000000000000e+00
0.000000000000000000e+00
0.000000000000000000e+00
0.000000000000000000e+00
0.000000000000000000e+00
0.000000000000000000e+00
0.000000000000000000e+00
0.000000000000000000e+00
0.000000000000000000e+00
0.000000000000000000e+00
0.000000000000000000e+00
0.000000000000000000e+00
0.000000000000000000e+00
0.000000000000000000e+00
0.000000000000000000e+00
0.000000000000000000e+00
0.000000000000000000e+00
0.000000000000000000e+00
0.000000000000000000e+00
0.000000000000000000e+00
0.000000000000000000e+00
0.000000000000000000e+00
0.000000000000000000e+00
0.000000000000000000e+00
0.000000000000000000e+00
0.000000000000000000e+00
0.000000000000000000e+00
6.365818892782738603e-01
0.000000000000000000e+00
0.000000000000000000e+00
0.000000000000000000e+00
0.000000000000000000e+00
0.000000000000000000e+00
0.000000000000000000e+00
0.000000000000000000e+00
0.000000000000000000e+00
0.000000000000000000e+00
0.000000000000000000e+00
0.000000000000000000e+00
-3.605832527319888237e-02
0.000000000000000000e+00
0.000000000000000000e+00
0.000000000000000000e+00
0.000000000000000000e+00
0.000000000000000000e+00
0.000000000000000000e+00
0.000000000000000000e+00
0.000000000000000000e+00
0.000000000000000000e+00
0.000000000000000000e+00
9.339884053660056640e-02
0.000000000000000000e+00
0.000000000000000000e+00
0.000000000000000000e+00
0.000000000000000000e+00
0.000000000000000000e+00
6.228240631071408906e-01
0.000000000000000000e+00
0.000000000000000000e+00
0.000000000000000000e+00
0.000000000000000000e+00
0.000000000000000000e+00
0.000000000000000000e+00
0.000000000000000000e+00
0.000000000000000000e+00
0.000000000000000000e+00
0.000000000000000000e+00
0.000000000000000000e+00
0.000000000000000000e+00
0.000000000000000000e+00
0.000000000000000000e+00
0.000000000000000000e+00
0.000000000000000000e+00
0.000000000000000000e+00
0.000000000000000000e+00
0.000000000000000000e+00
0.000000000000000000e+00
0.000000000000000000e+00
0.000000000000000000e+00
0.000000000000000000e+00
0.000000000000000000e+00
-3.050085639370913593e-01
0.000000000000000000e+00
3.393327294173368314e-01
0.000000000000000000e+00
0.000000000000000000e+00
0.000000000000000000e+00
0.000000000000000000e+00
0.000000000000000000e+00
0.000000000000000000e+00
0.000000000000000000e+00
0.000000000000000000e+00
0.000000000000000000e+00
0.000000000000000000e+00
0.000000000000000000e+00
0.000000000000000000e+00
-5.523743634598096003e-02
0.000000000000000000e+00
0.000000000000000000e+00
0.000000000000000000e+00
0.000000000000000000e+00
-3.176575230132020478e-01
0.000000000000000000e+00
0.000000000000000000e+00
0.000000000000000000e+00
0.000000000000000000e+00
0.000000000000000000e+00
0.000000000000000000e+00
0.000000000000000000e+00
0.000000000000000000e+00
0.000000000000000000e+00
0.000000000000000000e+00
-1.040141618912385074e-01
0.000000000000000000e+00
0.000000000000000000e+00
0.000000000000000000e+00
8.431261942689917133e-01
0.000000000000000000e+00
0.000000000000000000e+00
0.000000000000000000e+00
0.000000000000000000e+00
0.000000000000000000e+00
0.000000000000000000e+00
2.929947361570535702e-01
0.000000000000000000e+00
0.000000000000000000e+00
0.000000000000000000e+00
-2.316707979752508362e-01
-4.956707820838535117e-02
0.000000000000000000e+00
0.000000000000000000e+00
-5.026169452505581392e-02
1.851518872457156850e-01
0.000000000000000000e+00
0.000000000000000000e+00
-8.867653552454915489e-02
0.000000000000000000e+00
0.000000000000000000e+00
0.000000000000000000e+00
0.000000000000000000e+00
1.083559590602605066e-01
2.609116944262762638e-01
-2.009673470018532027e-01
0.000000000000000000e+00
0.000000000000000000e+00
0.000000000000000000e+00
-8.321457919260165370e-02
0.000000000000000000e+00
0.000000000000000000e+00
0.000000000000000000e+00
0.000000000000000000e+00
0.000000000000000000e+00
